"25","0","0","-0.72147","0","0.304138","0.8","0",
"25","0.1","0","-0.72147","0","0.304138","0.8","0",
"25","0.2","0","-0.72147","0","0.304138","0.8","0",
"25","0.3","0","-0.72147","0","0.304138","0.8","0",
"25","0.4","0","-0.72147","0","0.304138","0.8","0",
"25","0","0","-0.72147","1","0.304138","0.8","0.849326",
"25","0.1","0","-0.72147","1","0.304138","0.8","0.849326",
"25","0.2","0","-0.72147","1","0.304138","0.8","0.849326",
"25","0.3","0","-0.72147","1","0.304138","0.8","0.849326",
"25","0.4","0","-0.72147","1","0.304138","0.8","0.849326",
"25","0","1","0.763351","0","0.111803","0.8","0",
"25","0.1","1","0.763351","0","0.111803","0.8","0",
"25","0.2","1","0.763351","0","0.111803","0.8","0",
"25","0.3","1","0.763351","0","0.111803","0.8","0",
"25","0.4","1","0.763351","0","0.111803","0.8","0",
"25","0","1","0.763351","1","0.111803","0.8","2.33415",
"25","0.1","1","0.763351","1","0.111803","0.8","2.33415",
"25","0.2","1","0.763351","1","0.111803","0.8","2.33415",
"25","0.3","1","0.763351","1","0.111803","0.8","2.33415",
"25","0.4","1","0.763351","1","0.111803","0.8","2.33415",
"25","0","2","-2.16965","0","0.33541","0.8","0",
"25","0.1","2","-2.16965","0","0.33541","0.8","0",
"25","0.2","2","-2.16965","0","0.33541","0.8","0",
"25","0.3","2","-2.16965","0","0.33541","0.8","0",
"25","0.4","2","-2.16965","0","0.33541","0.8","0",
"25","0","2","-2.16965","1","0.33541","0.8","0.598855",
"25","0.1","2","-2.16965","1","0.33541","0.8","0.598855",
"25","0.2","2","-2.16965","1","0.33541","0.8","0.598855",
"25","0.3","2","-2.16965","1","0.33541","0.8","0.598855",
"25","0.4","2","-2.16965","1","0.33541","0.8","0.598855",
"25","0","3","-1.17061","0","0.180278","0.8","0",
"25","0.1","3","-1.17061","0","0.180278","0.8","0",
"25","0.2","3","-1.17061","0","0.180278","0.8","0",
"25","0.3","3","-1.17061","0","0.180278","0.8","0",
"25","0.4","3","-1.17061","0","0.180278","0.8","0",
"25","0","3","-1.17061","1","0.180278","0.8","0.400189",
"25","0.1","3","-1.17061","1","0.180278","0.8","0.400189",
"25","0.2","3","-1.17061","1","0.180278","0.8","0.400189",
"25","0.3","3","-1.17061","1","0.180278","0.8","0.400189",
"25","0.4","3","-1.17061","1","0.180278","0.8","0.400189",
"25","0","4","-0.484307","0","0.304138","0.65","0",
"25","0.1","4","-0.484307","0","0.304138","0.65","0",
"25","0.2","4","-0.484307","0","0.304138","0.65","0",
"25","0.3","4","-0.484307","0","0.304138","0.65","0",
"25","0.4","4","-0.484307","0","0.304138","0.65","0",
"25","0","4","-0.484307","1","0.304138","0.65","1.08649",
"25","0.1","4","-0.484307","1","0.304138","0.65","1.08649",
"25","0.2","4","-0.484307","1","0.304138","0.65","1.08649",
"25","0.3","4","-0.484307","1","0.304138","0.65","1.08649",
"25","0.4","4","-0.484307","1","0.304138","0.65","1.08649",
"25","0","5","-0.607247","0","0.111803","0.65","0",
"25","0.1","5","-0.607247","0","0.111803","0.65","0",
"25","0.2","5","-0.607247","0","0.111803","0.65","0",
"25","0.3","5","-0.607247","0","0.111803","0.65","0",
"25","0.4","5","-0.607247","0","0.111803","0.65","0",
"25","0","5","-0.607247","1","0.111803","0.65","0.96355",
"25","0.1","5","-0.607247","1","0.111803","0.65","0.96355",
"25","0.2","5","-0.607247","1","0.111803","0.65","0.96355",
"25","0.3","5","-0.607247","1","0.111803","0.65","0.96355",
"25","0.4","5","-0.607247","1","0.111803","0.65","0.96355",
"25","0","6","-2.69258","0","0.33541","0.65","0",
"25","0.1","6","-2.69258","0","0.33541","0.65","0",
"25","0.2","6","-2.69258","0","0.33541","0.65","0",
"25","0.3","6","-2.69258","0","0.33541","0.65","0",
"25","0.4","6","-2.69258","0","0.33541","0.65","0",
"25","0","6","-2.69258","1","0.33541","0.65","1.12178",
"25","0.1","6","-2.69258","1","0.33541","0.65","1.12178",
"25","0.2","6","-2.69258","1","0.33541","0.65","1.12178",
"25","0.3","6","-2.69258","1","0.33541","0.65","1.12178",
"25","0.4","6","-2.69258","1","0.33541","0.65","1.12178",
"25","0","7","-0.625944","0","0.180278","0.65","0",
"25","0.1","7","-0.625944","0","0.180278","0.65","0",
"25","0.2","7","-0.625944","0","0.180278","0.65","0",
"25","0.3","7","-0.625944","0","0.180278","0.65","0",
"25","0.4","7","-0.625944","0","0.180278","0.65","0",
"25","0","7","-0.625944","1","0.180278","0.65","0.944852",
"25","0.1","7","-0.625944","1","0.180278","0.65","0.944852",
"25","0.2","7","-0.625944","1","0.180278","0.65","0.944852",
"25","0.3","7","-0.625944","1","0.180278","0.65","0.944852",
"25","0.4","7","-0.625944","1","0.180278","0.65","0.944852",
"25","1","0","-1.14967","0","0.304138","0.8","0.421125",
"25","1.1","0","-1.14967","0","0.304138","0.8","0.421125",
"25","1.2","0","-1.14967","0","0.304138","0.8","0.421125",
"25","1.3","0","-1.14967","0","0.304138","0.8","0.421125",
"25","1.4","0","-1.14967","0","0.304138","0.8","0.421125",
"25","1","0","-1.14967","1","0.304138","0.8","0.421125",
"25","1.1","0","-1.14967","1","0.304138","0.8","0.421125",
"25","1.2","0","-1.14967","1","0.304138","0.8","0.421125",
"25","1.3","0","-1.14967","1","0.304138","0.8","0.421125",
"25","1.4","0","-1.14967","1","0.304138","0.8","0.421125",
"25","1","1","-0.999874","0","0.111803","0.8","0.570922",
"25","1.1","1","-0.999874","0","0.111803","0.8","0.570922",
"25","1.2","1","-0.999874","0","0.111803","0.8","0.570922",
"25","1.3","1","-0.999874","0","0.111803","0.8","0.570922",
"25","1.4","1","-0.999874","0","0.111803","0.8","0.570922",
"25","1","1","-0.999874","1","0.111803","0.8","0.570922",
"25","1.1","1","-0.999874","1","0.111803","0.8","0.570922",
"25","1.2","1","-0.999874","1","0.111803","0.8","0.570922",
"25","1.3","1","-0.999874","1","0.111803","0.8","0.570922",
"25","1.4","1","-0.999874","1","0.111803","0.8","0.570922",
"25","1","2","-2.82533","0","0.33541","0.8","1.25454",
"25","1.1","2","-2.82533","0","0.33541","0.8","1.25454",
"25","1.2","2","-2.82533","0","0.33541","0.8","1.25454",
"25","1.3","2","-2.82533","0","0.33541","0.8","1.25454",
"25","1.4","2","-2.82533","0","0.33541","0.8","1.25454",
"25","1","2","-2.82533","1","0.33541","0.8","1.25454",
"25","1.1","2","-2.82533","1","0.33541","0.8","1.25454",
"25","1.2","2","-2.82533","1","0.33541","0.8","1.25454",
"25","1.3","2","-2.82533","1","0.33541","0.8","1.25454",
"25","1.4","2","-2.82533","1","0.33541","0.8","1.25454",
"25","1","3","0.972823","0","0.180278","0.8","2.54362",
"25","1.1","3","0.972823","0","0.180278","0.8","2.54362",
"25","1.2","3","0.972823","0","0.180278","0.8","2.54362",
"25","1.3","3","0.972823","0","0.180278","0.8","2.54362",
"25","1.4","3","0.972823","0","0.180278","0.8","2.54362",
"25","1","3","0.972823","1","0.180278","0.8","2.54362",
"25","1.1","3","0.972823","1","0.180278","0.8","2.54362",
"25","1.2","3","0.972823","1","0.180278","0.8","2.54362",
"25","1.3","3","0.972823","1","0.180278","0.8","2.54362",
"25","1.4","3","0.972823","1","0.180278","0.8","2.54362",
"25","1","4","0.842217","0","0.304138","0.65","2.41301",
"25","1.1","4","0.842217","0","0.304138","0.65","2.41301",
"25","1.2","4","0.842217","0","0.304138","0.65","2.41301",
"25","1.3","4","0.842217","0","0.304138","0.65","2.41301",
"25","1.4","4","0.842217","0","0.304138","0.65","2.41301",
"25","1","4","0.842217","1","0.304138","0.65","2.41301",
"25","1.1","4","0.842217","1","0.304138","0.65","2.41301",
"25","1.2","4","0.842217","1","0.304138","0.65","2.41301",
"25","1.3","4","0.842217","1","0.304138","0.65","2.41301",
"25","1.4","4","0.842217","1","0.304138","0.65","2.41301",
"25","1","5","0.837078","0","0.111803","0.65","2.40787",
"25","1.1","5","0.837078","0","0.111803","0.65","2.40787",
"25","1.2","5","0.837078","0","0.111803","0.65","2.40787",
"25","1.3","5","0.837078","0","0.111803","0.65","2.40787",
"25","1.4","5","0.837078","0","0.111803","0.65","2.40787",
"25","1","5","0.837078","1","0.111803","0.65","2.40787",
"25","1.1","5","0.837078","1","0.111803","0.65","2.40787",
"25","1.2","5","0.837078","1","0.111803","0.65","2.40787",
"25","1.3","5","0.837078","1","0.111803","0.65","2.40787",
"25","1.4","5","0.837078","1","0.111803","0.65","2.40787",
"25","1","6","0.170819","0","0.33541","0.65","1.74161",
"25","1.1","6","0.170819","0","0.33541","0.65","1.74161",
"25","1.2","6","0.170819","0","0.33541","0.65","1.74161",
"25","1.3","6","0.170819","0","0.33541","0.65","1.74161",
"25","1.4","6","0.170819","0","0.33541","0.65","1.74161",
"25","1","6","0.170819","1","0.33541","0.65","1.74161",
"25","1.1","6","0.170819","1","0.33541","0.65","1.74161",
"25","1.2","6","0.170819","1","0.33541","0.65","1.74161",
"25","1.3","6","0.170819","1","0.33541","0.65","1.74161",
"25","1.4","6","0.170819","1","0.33541","0.65","1.74161",
"25","1","7","2.04974","0","0.180278","0.65","3.62054",
"25","1.1","7","2.04974","0","0.180278","0.65","3.62054",
"25","1.2","7","2.04974","0","0.180278","0.65","3.62054",
"25","1.3","7","2.04974","0","0.180278","0.65","3.62054",
"25","1.4","7","2.04974","0","0.180278","0.65","3.62054",
"25","1","7","2.04974","1","0.180278","0.65","3.62054",
"25","1.1","7","2.04974","1","0.180278","0.65","3.62054",
"25","1.2","7","2.04974","1","0.180278","0.65","3.62054",
"25","1.3","7","2.04974","1","0.180278","0.65","3.62054",
"25","1.4","7","2.04974","1","0.180278","0.65","3.62054",
"25","2","0","2.97163","0","0.304138","0.8","4.54242",
"25","2.1","0","2.97163","0","0.304138","0.8","4.54242",
"25","2.2","0","2.97163","0","0.304138","0.8","4.54242",
"25","2.3","0","2.97163","0","0.304138","0.8","4.54242",
"25","2.4","0","2.97163","0","0.304138","0.8","4.54242",
"25","2","0","2.97163","1","0.304138","0.8","0",
"25","2.1","0","2.97163","1","0.304138","0.8","0",
"25","2.2","0","2.97163","1","0.304138","0.8","0",
"25","2.3","0","2.97163","1","0.304138","0.8","0",
"25","2.4","0","2.97163","1","0.304138","0.8","0",
"25","2","1","-1.45315","0","0.111803","0.8","0.117644",
"25","2.1","1","-1.45315","0","0.111803","0.8","0.117644",
"25","2.2","1","-1.45315","0","0.111803","0.8","0.117644",
"25","2.3","1","-1.45315","0","0.111803","0.8","0.117644",
"25","2.4","1","-1.45315","0","0.111803","0.8","0.117644",
"25","2","1","-1.45315","1","0.111803","0.8","0",
"25","2.1","1","-1.45315","1","0.111803","0.8","0",
"25","2.2","1","-1.45315","1","0.111803","0.8","0",
"25","2.3","1","-1.45315","1","0.111803","0.8","0",
"25","2.4","1","-1.45315","1","0.111803","0.8","0",
"25","2","2","0.0377488","0","0.33541","0.8","1.60855",
"25","2.1","2","0.0377488","0","0.33541","0.8","1.60855",
"25","2.2","2","0.0377488","0","0.33541","0.8","1.60855",
"25","2.3","2","0.0377488","0","0.33541","0.8","1.60855",
"25","2.4","2","0.0377488","0","0.33541","0.8","1.60855",
"25","2","2","0.0377488","1","0.33541","0.8","0",
"25","2.1","2","0.0377488","1","0.33541","0.8","0",
"25","2.2","2","0.0377488","1","0.33541","0.8","0",
"25","2.3","2","0.0377488","1","0.33541","0.8","0",
"25","2.4","2","0.0377488","1","0.33541","0.8","0",
"25","2","3","-2.37925","0","0.180278","0.8","0.808451",
"25","2.1","3","-2.37925","0","0.180278","0.8","0.808451",
"25","2.2","3","-2.37925","0","0.180278","0.8","0.808451",
"25","2.3","3","-2.37925","0","0.180278","0.8","0.808451",
"25","2.4","3","-2.37925","0","0.180278","0.8","0.808451",
"25","2","3","-2.37925","1","0.180278","0.8","0",
"25","2.1","3","-2.37925","1","0.180278","0.8","0",
"25","2.2","3","-2.37925","1","0.180278","0.8","0",
"25","2.3","3","-2.37925","1","0.180278","0.8","0",
"25","2.4","3","-2.37925","1","0.180278","0.8","0",
"25","2","4","-1.94196","0","0.304138","0.65","0.371164",
"25","2.1","4","-1.94196","0","0.304138","0.65","0.371164",
"25","2.2","4","-1.94196","0","0.304138","0.65","0.371164",
"25","2.3","4","-1.94196","0","0.304138","0.65","0.371164",
"25","2.4","4","-1.94196","0","0.304138","0.65","0.371164",
"25","2","4","-1.94196","1","0.304138","0.65","0",
"25","2.1","4","-1.94196","1","0.304138","0.65","0",
"25","2.2","4","-1.94196","1","0.304138","0.65","0",
"25","2.3","4","-1.94196","1","0.304138","0.65","0",
"25","2.4","4","-1.94196","1","0.304138","0.65","0",
"25","2","5","1.59549","0","0.111803","0.65","3.16629",
"25","2.1","5","1.59549","0","0.111803","0.65","3.16629",
"25","2.2","5","1.59549","0","0.111803","0.65","3.16629",
"25","2.3","5","1.59549","0","0.111803","0.65","3.16629",
"25","2.4","5","1.59549","0","0.111803","0.65","3.16629",
"25","2","5","1.59549","1","0.111803","0.65","0",
"25","2.1","5","1.59549","1","0.111803","0.65","0",
"25","2.2","5","1.59549","1","0.111803","0.65","0",
"25","2.3","5","1.59549","1","0.111803","0.65","0",
"25","2.4","5","1.59549","1","0.111803","0.65","0",
"25","2","6","-1.28797","0","0.33541","0.65","0.282827",
"25","2.1","6","-1.28797","0","0.33541","0.65","0.282827",
"25","2.2","6","-1.28797","0","0.33541","0.65","0.282827",
"25","2.3","6","-1.28797","0","0.33541","0.65","0.282827",
"25","2.4","6","-1.28797","0","0.33541","0.65","0.282827",
"25","2","6","-1.28797","1","0.33541","0.65","0",
"25","2.1","6","-1.28797","1","0.33541","0.65","0",
"25","2.2","6","-1.28797","1","0.33541","0.65","0",
"25","2.3","6","-1.28797","1","0.33541","0.65","0",
"25","2.4","6","-1.28797","1","0.33541","0.65","0",
"25","2","7","-0.92009","0","0.180278","0.65","0.650706",
"25","2.1","7","-0.92009","0","0.180278","0.65","0.650706",
"25","2.2","7","-0.92009","0","0.180278","0.65","0.650706",
"25","2.3","7","-0.92009","0","0.180278","0.65","0.650706",
"25","2.4","7","-0.92009","0","0.180278","0.65","0.650706",
"25","2","7","-0.92009","1","0.180278","0.65","0",
"25","2.1","7","-0.92009","1","0.180278","0.65","0",
"25","2.2","7","-0.92009","1","0.180278","0.65","0",
"25","2.3","7","-0.92009","1","0.180278","0.65","0",
"25","2.4","7","-0.92009","1","0.180278","0.65","0",
"20","0","0","-0.726129","0","0.304138","0.8","0",
"20","0.1","0","-0.726129","0","0.304138","0.8","0",
"20","0.2","0","-0.726129","0","0.304138","0.8","0",
"20","0.3","0","-0.726129","0","0.304138","0.8","0",
"20","0.4","0","-0.726129","0","0.304138","0.8","0",
"20","0","0","-0.726129","1","0.304138","0.8","0.844668",
"20","0.1","0","-0.726129","1","0.304138","0.8","0.844668",
"20","0.2","0","-0.726129","1","0.304138","0.8","0.844668",
"20","0.3","0","-0.726129","1","0.304138","0.8","0.844668",
"20","0.4","0","-0.726129","1","0.304138","0.8","0.844668",
"20","0","1","-0.454256","0","0.111803","0.8","0",
"20","0.1","1","-0.454256","0","0.111803","0.8","0",
"20","0.2","1","-0.454256","0","0.111803","0.8","0",
"20","0.3","1","-0.454256","0","0.111803","0.8","0",
"20","0.4","1","-0.454256","0","0.111803","0.8","0",
"20","0","1","-0.454256","1","0.111803","0.8","1.11654",
"20","0.1","1","-0.454256","1","0.111803","0.8","1.11654",
"20","0.2","1","-0.454256","1","0.111803","0.8","1.11654",
"20","0.3","1","-0.454256","1","0.111803","0.8","1.11654",
"20","0.4","1","-0.454256","1","0.111803","0.8","1.11654",
"20","0","2","0.59158","0","0.33541","0.8","0",
"20","0.1","2","0.59158","0","0.33541","0.8","0",
"20","0.2","2","0.59158","0","0.33541","0.8","0",
"20","0.3","2","0.59158","0","0.33541","0.8","0",
"20","0.4","2","0.59158","0","0.33541","0.8","0",
"20","0","2","0.59158","1","0.33541","0.8","2.16238",
"20","0.1","2","0.59158","1","0.33541","0.8","2.16238",
"20","0.2","2","0.59158","1","0.33541","0.8","2.16238",
"20","0.3","2","0.59158","1","0.33541","0.8","2.16238",
"20","0.4","2","0.59158","1","0.33541","0.8","2.16238",
"20","0","3","2.23603","0","0.180278","0.8","0",
"20","0.1","3","2.23603","0","0.180278","0.8","0",
"20","0.2","3","2.23603","0","0.180278","0.8","0",
"20","0.3","3","2.23603","0","0.180278","0.8","0",
"20","0.4","3","2.23603","0","0.180278","0.8","0",
"20","0","3","2.23603","1","0.180278","0.8","3.80683",
"20","0.1","3","2.23603","1","0.180278","0.8","3.80683",
"20","0.2","3","2.23603","1","0.180278","0.8","3.80683",
"20","0.3","3","2.23603","1","0.180278","0.8","3.80683",
"20","0.4","3","2.23603","1","0.180278","0.8","3.80683",
"20","0","4","-1.22227","0","0.304138","0.65","0",
"20","0.1","4","-1.22227","0","0.304138","0.65","0",
"20","0.2","4","-1.22227","0","0.304138","0.65","0",
"20","0.3","4","-1.22227","0","0.304138","0.65","0",
"20","0.4","4","-1.22227","0","0.304138","0.65","0",
"20","0","4","-1.22227","1","0.304138","0.65","0.34853",
"20","0.1","4","-1.22227","1","0.304138","0.65","0.34853",
"20","0.2","4","-1.22227","1","0.304138","0.65","0.34853",
"20","0.3","4","-1.22227","1","0.304138","0.65","0.34853",
"20","0.4","4","-1.22227","1","0.304138","0.65","0.34853",
"20","0","5","0.273169","0","0.111803","0.65","0",
"20","0.1","5","0.273169","0","0.111803","0.65","0",
"20","0.2","5","0.273169","0","0.111803","0.65","0",
"20","0.3","5","0.273169","0","0.111803","0.65","0",
"20","0.4","5","0.273169","0","0.111803","0.65","0",
"20","0","5","0.273169","1","0.111803","0.65","1.84397",
"20","0.1","5","0.273169","1","0.111803","0.65","1.84397",
"20","0.2","5","0.273169","1","0.111803","0.65","1.84397",
"20","0.3","5","0.273169","1","0.111803","0.65","1.84397",
"20","0.4","5","0.273169","1","0.111803","0.65","1.84397",
"20","0","6","-2.47498","0","0.33541","0.65","0",
"20","0.1","6","-2.47498","0","0.33541","0.65","0",
"20","0.2","6","-2.47498","0","0.33541","0.65","0",
"20","0.3","6","-2.47498","0","0.33541","0.65","0",
"20","0.4","6","-2.47498","0","0.33541","0.65","0",
"20","0","6","-2.47498","1","0.33541","0.65","0.904179",
"20","0.1","6","-2.47498","1","0.33541","0.65","0.904179",
"20","0.2","6","-2.47498","1","0.33541","0.65","0.904179",
"20","0.3","6","-2.47498","1","0.33541","0.65","0.904179",
"20","0.4","6","-2.47498","1","0.33541","0.65","0.904179",
"20","0","7","-3.02685","0","0.180278","0.65","0",
"20","0.1","7","-3.02685","0","0.180278","0.65","0",
"20","0.2","7","-3.02685","0","0.180278","0.65","0",
"20","0.3","7","-3.02685","0","0.180278","0.65","0",
"20","0.4","7","-3.02685","0","0.180278","0.65","0",
"20","0","7","-3.02685","1","0.180278","0.65","1.45606",
"20","0.1","7","-3.02685","1","0.180278","0.65","1.45606",
"20","0.2","7","-3.02685","1","0.180278","0.65","1.45606",
"20","0.3","7","-3.02685","1","0.180278","0.65","1.45606",
"20","0.4","7","-3.02685","1","0.180278","0.65","1.45606",
"20","1","0","-0.737177","0","0.304138","0.8","0.833619",
"20","1.1","0","-0.737177","0","0.304138","0.8","0.833619",
"20","1.2","0","-0.737177","0","0.304138","0.8","0.833619",
"20","1.3","0","-0.737177","0","0.304138","0.8","0.833619",
"20","1.4","0","-0.737177","0","0.304138","0.8","0.833619",
"20","1","0","-0.737177","1","0.304138","0.8","0.833619",
"20","1.1","0","-0.737177","1","0.304138","0.8","0.833619",
"20","1.2","0","-0.737177","1","0.304138","0.8","0.833619",
"20","1.3","0","-0.737177","1","0.304138","0.8","0.833619",
"20","1.4","0","-0.737177","1","0.304138","0.8","0.833619",
"20","1","1","2.06749","0","0.111803","0.8","3.63828",
"20","1.1","1","2.06749","0","0.111803","0.8","3.63828",
"20","1.2","1","2.06749","0","0.111803","0.8","3.63828",
"20","1.3","1","2.06749","0","0.111803","0.8","3.63828",
"20","1.4","1","2.06749","0","0.111803","0.8","3.63828",
"20","1","1","2.06749","1","0.111803","0.8","3.63828",
"20","1.1","1","2.06749","1","0.111803","0.8","3.63828",
"20","1.2","1","2.06749","1","0.111803","0.8","3.63828",
"20","1.3","1","2.06749","1","0.111803","0.8","3.63828",
"20","1.4","1","2.06749","1","0.111803","0.8","3.63828",
"20","1","2","2.70748","0","0.33541","0.8","4.27828",
"20","1.1","2","2.70748","0","0.33541","0.8","4.27828",
"20","1.2","2","2.70748","0","0.33541","0.8","4.27828",
"20","1.3","2","2.70748","0","0.33541","0.8","4.27828",
"20","1.4","2","2.70748","0","0.33541","0.8","4.27828",
"20","1","2","2.70748","1","0.33541","0.8","4.27828",
"20","1.1","2","2.70748","1","0.33541","0.8","4.27828",
"20","1.2","2","2.70748","1","0.33541","0.8","4.27828",
"20","1.3","2","2.70748","1","0.33541","0.8","4.27828",
"20","1.4","2","2.70748","1","0.33541","0.8","4.27828",
"20","1","3","-2.09417","0","0.180278","0.8","0.52337",
"20","1.1","3","-2.09417","0","0.180278","0.8","0.52337",
"20","1.2","3","-2.09417","0","0.180278","0.8","0.52337",
"20","1.3","3","-2.09417","0","0.180278","0.8","0.52337",
"20","1.4","3","-2.09417","0","0.180278","0.8","0.52337",
"20","1","3","-2.09417","1","0.180278","0.8","0.52337",
"20","1.1","3","-2.09417","1","0.180278","0.8","0.52337",
"20","1.2","3","-2.09417","1","0.180278","0.8","0.52337",
"20","1.3","3","-2.09417","1","0.180278","0.8","0.52337",
"20","1.4","3","-2.09417","1","0.180278","0.8","0.52337",
"20","1","4","0.310294","0","0.304138","0.65","1.88109",
"20","1.1","4","0.310294","0","0.304138","0.65","1.88109",
"20","1.2","4","0.310294","0","0.304138","0.65","1.88109",
"20","1.3","4","0.310294","0","0.304138","0.65","1.88109",
"20","1.4","4","0.310294","0","0.304138","0.65","1.88109",
"20","1","4","0.310294","1","0.304138","0.65","1.88109",
"20","1.1","4","0.310294","1","0.304138","0.65","1.88109",
"20","1.2","4","0.310294","1","0.304138","0.65","1.88109",
"20","1.3","4","0.310294","1","0.304138","0.65","1.88109",
"20","1.4","4","0.310294","1","0.304138","0.65","1.88109",
"20","1","5","-1.37846","0","0.111803","0.65","0.192335",
"20","1.1","5","-1.37846","0","0.111803","0.65","0.192335",
"20","1.2","5","-1.37846","0","0.111803","0.65","0.192335",
"20","1.3","5","-1.37846","0","0.111803","0.65","0.192335",
"20","1.4","5","-1.37846","0","0.111803","0.65","0.192335",
"20","1","5","-1.37846","1","0.111803","0.65","0.192335",
"20","1.1","5","-1.37846","1","0.111803","0.65","0.192335",
"20","1.2","5","-1.37846","1","0.111803","0.65","0.192335",
"20","1.3","5","-1.37846","1","0.111803","0.65","0.192335",
"20","1.4","5","-1.37846","1","0.111803","0.65","0.192335",
"20","1","6","0.747036","0","0.33541","0.65","2.31783",
"20","1.1","6","0.747036","0","0.33541","0.65","2.31783",
"20","1.2","6","0.747036","0","0.33541","0.65","2.31783",
"20","1.3","6","0.747036","0","0.33541","0.65","2.31783",
"20","1.4","6","0.747036","0","0.33541","0.65","2.31783",
"20","1","6","0.747036","1","0.33541","0.65","2.31783",
"20","1.1","6","0.747036","1","0.33541","0.65","2.31783",
"20","1.2","6","0.747036","1","0.33541","0.65","2.31783",
"20","1.3","6","0.747036","1","0.33541","0.65","2.31783",
"20","1.4","6","0.747036","1","0.33541","0.65","2.31783",
"20","1","7","2.9477","0","0.180278","0.65","4.51849",
"20","1.1","7","2.9477","0","0.180278","0.65","4.51849",
"20","1.2","7","2.9477","0","0.180278","0.65","4.51849",
"20","1.3","7","2.9477","0","0.180278","0.65","4.51849",
"20","1.4","7","2.9477","0","0.180278","0.65","4.51849",
"20","1","7","2.9477","1","0.180278","0.65","4.51849",
"20","1.1","7","2.9477","1","0.180278","0.65","4.51849",
"20","1.2","7","2.9477","1","0.180278","0.65","4.51849",
"20","1.3","7","2.9477","1","0.180278","0.65","4.51849",
"20","1.4","7","2.9477","1","0.180278","0.65","4.51849",
"20","2","0","-1.61042","0","0.304138","0.8","0.0396222",
"20","2.1","0","-1.61042","0","0.304138","0.8","0.0396222",
"20","2.2","0","-1.61042","0","0.304138","0.8","0.0396222",
"20","2.3","0","-1.61042","0","0.304138","0.8","0.0396222",
"20","2.4","0","-1.61042","0","0.304138","0.8","0.0396222",
"20","2","0","-1.61042","1","0.304138","0.8","0",
"20","2.1","0","-1.61042","1","0.304138","0.8","0",
"20","2.2","0","-1.61042","1","0.304138","0.8","0",
"20","2.3","0","-1.61042","1","0.304138","0.8","0",
"20","2.4","0","-1.61042","1","0.304138","0.8","0",
"20","2","1","-2.47023","0","0.111803","0.8","0.899434",
"20","2.1","1","-2.47023","0","0.111803","0.8","0.899434",
"20","2.2","1","-2.47023","0","0.111803","0.8","0.899434",
"20","2.3","1","-2.47023","0","0.111803","0.8","0.899434",
"20","2.4","1","-2.47023","0","0.111803","0.8","0.899434",
"20","2","1","-2.47023","1","0.111803","0.8","0",
"20","2.1","1","-2.47023","1","0.111803","0.8","0",
"20","2.2","1","-2.47023","1","0.111803","0.8","0",
"20","2.3","1","-2.47023","1","0.111803","0.8","0",
"20","2.4","1","-2.47023","1","0.111803","0.8","0",
"20","2","2","0.968464","0","0.33541","0.8","2.53926",
"20","2.1","2","0.968464","0","0.33541","0.8","2.53926",
"20","2.2","2","0.968464","0","0.33541","0.8","2.53926",
"20","2.3","2","0.968464","0","0.33541","0.8","2.53926",
"20","2.4","2","0.968464","0","0.33541","0.8","2.53926",
"20","2","2","0.968464","1","0.33541","0.8","0",
"20","2.1","2","0.968464","1","0.33541","0.8","0",
"20","2.2","2","0.968464","1","0.33541","0.8","0",
"20","2.3","2","0.968464","1","0.33541","0.8","0",
"20","2.4","2","0.968464","1","0.33541","0.8","0",
"20","2","3","2.71914","0","0.180278","0.8","4.28993",
"20","2.1","3","2.71914","0","0.180278","0.8","4.28993",
"20","2.2","3","2.71914","0","0.180278","0.8","4.28993",
"20","2.3","3","2.71914","0","0.180278","0.8","4.28993",
"20","2.4","3","2.71914","0","0.180278","0.8","4.28993",
"20","2","3","2.71914","1","0.180278","0.8","0",
"20","2.1","3","2.71914","1","0.180278","0.8","0",
"20","2.2","3","2.71914","1","0.180278","0.8","0",
"20","2.3","3","2.71914","1","0.180278","0.8","0",
"20","2.4","3","2.71914","1","0.180278","0.8","0",
"20","2","4","-2.51502","0","0.304138","0.65","0.944225",
"20","2.1","4","-2.51502","0","0.304138","0.65","0.944225",
"20","2.2","4","-2.51502","0","0.304138","0.65","0.944225",
"20","2.3","4","-2.51502","0","0.304138","0.65","0.944225",
"20","2.4","4","-2.51502","0","0.304138","0.65","0.944225",
"20","2","4","-2.51502","1","0.304138","0.65","0",
"20","2.1","4","-2.51502","1","0.304138","0.65","0",
"20","2.2","4","-2.51502","1","0.304138","0.65","0",
"20","2.3","4","-2.51502","1","0.304138","0.65","0",
"20","2.4","4","-2.51502","1","0.304138","0.65","0",
"20","2","5","2.2199","0","0.111803","0.65","3.7907",
"20","2.1","5","2.2199","0","0.111803","0.65","3.7907",
"20","2.2","5","2.2199","0","0.111803","0.65","3.7907",
"20","2.3","5","2.2199","0","0.111803","0.65","3.7907",
"20","2.4","5","2.2199","0","0.111803","0.65","3.7907",
"20","2","5","2.2199","1","0.111803","0.65","0",
"20","2.1","5","2.2199","1","0.111803","0.65","0",
"20","2.2","5","2.2199","1","0.111803","0.65","0",
"20","2.3","5","2.2199","1","0.111803","0.65","0",
"20","2.4","5","2.2199","1","0.111803","0.65","0",
"20","2","6","3.07701","0","0.33541","0.65","4.64781",
"20","2.1","6","3.07701","0","0.33541","0.65","4.64781",
"20","2.2","6","3.07701","0","0.33541","0.65","4.64781",
"20","2.3","6","3.07701","0","0.33541","0.65","4.64781",
"20","2.4","6","3.07701","0","0.33541","0.65","4.64781",
"20","2","6","3.07701","1","0.33541","0.65","0",
"20","2.1","6","3.07701","1","0.33541","0.65","0",
"20","2.2","6","3.07701","1","0.33541","0.65","0",
"20","2.3","6","3.07701","1","0.33541","0.65","0",
"20","2.4","6","3.07701","1","0.33541","0.65","0",
"20","2","7","-1.48233","0","0.180278","0.65","0.0884697",
"20","2.1","7","-1.48233","0","0.180278","0.65","0.0884697",
"20","2.2","7","-1.48233","0","0.180278","0.65","0.0884697",
"20","2.3","7","-1.48233","0","0.180278","0.65","0.0884697",
"20","2.4","7","-1.48233","0","0.180278","0.65","0.0884697",
"20","2","7","-1.48233","1","0.180278","0.65","0",
"20","2.1","7","-1.48233","1","0.180278","0.65","0",
"20","2.2","7","-1.48233","1","0.180278","0.65","0",
"20","2.3","7","-1.48233","1","0.180278","0.65","0",
"20","2.4","7","-1.48233","1","0.180278","0.65","0",
"15","0","0","-1.50069","0","0.304138","0.8","0",
"15","0.1","0","-1.50069","0","0.304138","0.8","0",
"15","0.2","0","-1.50069","0","0.304138","0.8","0",
"15","0.3","0","-1.50069","0","0.304138","0.8","0",
"15","0.4","0","-1.50069","0","0.304138","0.8","0",
"15","0","0","-1.50069","1","0.304138","0.8","0.0701075",
"15","0.1","0","-1.50069","1","0.304138","0.8","0.0701075",
"15","0.2","0","-1.50069","1","0.304138","0.8","0.0701075",
"15","0.3","0","-1.50069","1","0.304138","0.8","0.0701075",
"15","0.4","0","-1.50069","1","0.304138","0.8","0.0701075",
"15","0","1","-2.20732","0","0.111803","0.8","0",
"15","0.1","1","-2.20732","0","0.111803","0.8","0",
"15","0.2","1","-2.20732","0","0.111803","0.8","0",
"15","0.3","1","-2.20732","0","0.111803","0.8","0",
"15","0.4","1","-2.20732","0","0.111803","0.8","0",
"15","0","1","-2.20732","1","0.111803","0.8","0.636522",
"15","0.1","1","-2.20732","1","0.111803","0.8","0.636522",
"15","0.2","1","-2.20732","1","0.111803","0.8","0.636522",
"15","0.3","1","-2.20732","1","0.111803","0.8","0.636522",
"15","0.4","1","-2.20732","1","0.111803","0.8","0.636522",
"15","0","2","1.80216","0","0.33541","0.8","0",
"15","0.1","2","1.80216","0","0.33541","0.8","0",
"15","0.2","2","1.80216","0","0.33541","0.8","0",
"15","0.3","2","1.80216","0","0.33541","0.8","0",
"15","0.4","2","1.80216","0","0.33541","0.8","0",
"15","0","2","1.80216","1","0.33541","0.8","3.37295",
"15","0.1","2","1.80216","1","0.33541","0.8","3.37295",
"15","0.2","2","1.80216","1","0.33541","0.8","3.37295",
"15","0.3","2","1.80216","1","0.33541","0.8","3.37295",
"15","0.4","2","1.80216","1","0.33541","0.8","3.37295",
"15","0","3","2.13528","0","0.180278","0.8","0",
"15","0.1","3","2.13528","0","0.180278","0.8","0",
"15","0.2","3","2.13528","0","0.180278","0.8","0",
"15","0.3","3","2.13528","0","0.180278","0.8","0",
"15","0.4","3","2.13528","0","0.180278","0.8","0",
"15","0","3","2.13528","1","0.180278","0.8","3.70607",
"15","0.1","3","2.13528","1","0.180278","0.8","3.70607",
"15","0.2","3","2.13528","1","0.180278","0.8","3.70607",
"15","0.3","3","2.13528","1","0.180278","0.8","3.70607",
"15","0.4","3","2.13528","1","0.180278","0.8","3.70607",
"15","0","4","1.21713","0","0.304138","0.65","0",
"15","0.1","4","1.21713","0","0.304138","0.65","0",
"15","0.2","4","1.21713","0","0.304138","0.65","0",
"15","0.3","4","1.21713","0","0.304138","0.65","0",
"15","0.4","4","1.21713","0","0.304138","0.65","0",
"15","0","4","1.21713","1","0.304138","0.65","2.78793",
"15","0.1","4","1.21713","1","0.304138","0.65","2.78793",
"15","0.2","4","1.21713","1","1.75828","13.517","0.353664",
"15","0.3","4","1.21713","1","0.304138","0.65","2.78793",
"15","0.4","4","1.21713","1","0.304138","0.65","2.78793",
"15","0","5","0.0162686","0","0.111803","0.65","0",
"15","0.1","5","0.0162686","0","0.111803","0.65","0",
"15","0.2","5","0.0162686","0","0.111803","0.65","0",
"15","0.3","5","0.0162686","0","0.111803","0.65","0",
"15","0.4","5","0.0162686","0","0.111803","0.65","0",
"15","0","5","0.0162686","1","0.111803","0.65","1.58706",
"15","0.1","5","0.0162686","1","0.111803","0.65","1.58706",
"15","0.2","5","0.0162686","1","0.111803","0.65","1.58706",
"15","0.3","5","0.0162686","1","0.111803","0.65","1.58706",
"15","0.4","5","0.0162686","1","0.111803","0.65","1.58706",
"15","0","6","-2.71837","0","0.33541","0.65","0",
"15","0.1","6","-2.71837","0","0.33541","0.65","0",
"15","0.2","6","-2.71837","0","0.33541","0.65","0",
"15","0.3","6","-2.71837","0","0.33541","0.65","0",
"15","0.4","6","-2.71837","0","0.33541","0.65","0",
"15","0","6","-2.71837","1","0.33541","0.65","1.14758",
"15","0.1","6","-2.71837","1","0.33541","0.65","1.14758",
"15","0.2","6","-2.71837","1","0.33541","0.65","1.14758",
"15","0.3","6","-2.71837","1","0.33541","0.65","1.14758",
"15","0.4","6","-2.71837","1","0.33541","0.65","1.14758",
"15","0","7","-2.76918","0","0.180278","0.65","0",
"15","0.1","7","-2.76918","0","0.180278","0.65","0",
"15","0.2","7","-2.76918","0","0.180278","0.65","0",
"15","0.3","7","-2.76918","0","0.180278","0.65","0",
"15","0.4","7","-2.76918","0","0.180278","0.65","0",
"15","0","7","-2.76918","1","0.180278","0.65","1.19838",
"15","0.1","7","-2.76918","1","0.180278","0.65","1.19838",
"15","0.2","7","-2.76918","1","0.180278","0.65","1.19838",
"15","0.3","7","-2.76918","1","0.180278","0.65","1.19838",
"15","0.4","7","-2.76918","1","0.180278","0.65","1.19838",
"15","1","0","1.30407","0","0.304138","0.8","2.87486",
"15","1.1","0","1.30407","0","0.304138","0.8","2.87486",
"15","1.2","0","1.30407","0","0.304138","0.8","2.87486",
"15","1.3","0","1.30407","0","0.304138","0.8","2.87486",
"15","1.4","0","1.30407","0","0.304138","0.8","2.87486",
"15","1","0","1.30407","1","0.304138","0.8","2.87486",
"15","1.1","0","1.30407","1","0.304138","0.8","2.87486",
"15","1.2","0","1.30407","1","0.304138","0.8","2.87486",
"15","1.3","0","1.30407","1","0.310585","0.610087","0.26673",
"15","1.4","0","1.30407","1","0.304138","0.8","2.87486",
"15","1","1","1.56155","0","0.111803","0.8","3.13235",
"15","1.1","1","1.56155","0","0.111803","0.8","3.13235",
"15","1.2","1","1.56155","0","0.111803","0.8","3.13235",
"15","1.3","1","1.56155","0","0.111803","0.8","3.13235",
"15","1.4","1","1.56155","0","0.111803","0.8","3.13235",
"15","1","1","1.56155","1","0.111803","0.8","3.13235",
"15","1.1","1","1.56155","1","0.111803","0.8","3.13235",
"15","1.2","1","1.56155","1","0.111803","0.8","3.13235",
"15","1.3","1","1.56155","1","0.111803","0.8","3.13235",
"15","1.4","1","1.56155","1","0.111803","0.8","3.13235",
"15","1","2","2.24363","0","0.33541","0.8","3.81443",
"15","1.1","2","2.24363","0","0.637636","2.85873","2.24363",
"15","1.2","2","2.24363","0","0.33541","0.8","3.81443",
"15","1.3","2","2.24363","0","0.33541","0.8","3.81443",
"15","1.4","2","2.24363","0","0.33541","0.8","3.81443",
"15","1","2","2.24363","1","0.33541","0.8","3.81443",
"15","1.1","2","2.24363","1","0.33541","0.8","3.81443",
"15","1.2","2","2.24363","1","0.33541","0.8","3.81443",
"15","1.3","2","2.24363","1","0.33541","0.8","3.81443",
"15","1.4","2","2.24363","1","0.33541","0.8","3.81443",
"15","1","3","0.247505","0","0.180278","0.8","1.8183",
"15","1.1","3","0.247505","0","0.180278","0.8","1.8183",
"15","1.2","3","0.247505","0","0.180278","0.8","1.8183",
"15","1.3","3","0.247505","0","0.180278","0.8","1.8183",
"15","1.4","3","0.247505","0","0.180278","0.8","1.8183",
"15","1","3","0.247505","1","0.180278","0.8","1.8183",
"15","1.1","3","0.247505","1","0.180278","0.8","1.8183",
"15","1.2","3","0.247505","1","0.180278","0.8","1.8183",
"15","1.3","3","0.247505","1","0.180278","0.8","1.8183",
"15","1.4","3","0.247505","1","0.180278","0.8","1.8183",
"15","1","4","2.10673","0","0.304138","0.65","3.67752",
"15","1.1","4","2.10673","0","0.304138","0.65","3.67752",
"15","1.2","4","2.10673","0","0.304138","0.65","3.67752",
"15","1.3","4","2.10673","0","0.304138","0.65","3.67752",
"15","1.4","4","2.10673","0","0.304138","0.65","3.67752",
"15","1","4","2.10673","1","0.304138","0.65","3.67752",
"15","1.1","4","2.10673","1","0.304138","0.65","3.67752",
"15","1.2","4","2.10673","1","0.304138","0.65","3.67752",
"15","1.3","4","2.10673","1","0.304138","0.65","3.67752",
"15","1.4","4","2.10673","1","0.304138","0.65","3.67752",
"15","1","5","-1.83625","0","0.111803","0.65","0.265456",
"15","1.1","5","-1.83625","0","0.111803","0.65","0.265456",
"15","1.2","5","-1.83625","0","0.111803","0.65","0.265456",
"15","1.3","5","-1.83625","0","0.111803","0.65","0.265456",
"15","1.4","5","-1.83625","0","0.111803","0.65","0.265456",
"15","1","5","-1.83625","1","0.111803","0.65","0.265456",
"15","1.1","5","-1.83625","1","0.111803","0.65","0.265456",
"15","1.2","5","-1.83625","1","0.111803","0.65","0.265456",
"15","1.3","5","-1.83625","1","0.111803","0.65","0.265456",
"15","1.4","5","-1.83625","1","0.111803","0.65","0.265456",
"15","1","6","-0.192593","0","0.33541","0.65","1.3782",
"15","1.1","6","-0.192593","0","0.33541","0.65","1.3782",
"15","1.2","6","-0.192593","0","0.33541","0.65","1.3782",
"15","1.3","6","-0.192593","0","0.33541","0.65","1.3782",
"15","1.4","6","-0.192593","0","0.33541","0.65","1.3782",
"15","1","6","-0.192593","1","0.33541","0.65","1.3782",
"15","1.1","6","-0.192593","1","0.307727","2.67053","0.192593",
"15","1.2","6","-0.192593","1","0.33541","0.65","1.3782",
"15","1.3","6","-0.192593","1","0.33541","0.65","1.3782",
"15","1.4","6","-0.192593","1","0.33541","0.65","1.3782",
"15","1","7","-0.972306","0","0.180278","0.65","0.59849",
"15","1.1","7","-0.972306","0","0.12047","0.00564544","0.972306",
"15","1.2","7","-0.972306","0","0.180278","0.65","0.59849",
"15","1.3","7","-0.972306","0","0.180278","0.65","0.59849",
"15","1.4","7","-0.972306","0","0.180278","0.65","0.59849",
"15","1","7","-0.972306","1","0.180278","0.65","0.59849",
"15","1.1","7","-0.972306","1","0.180278","0.65","0.59849",
"15","1.2","7","-0.972306","1","0.180278","0.65","0.59849",
"15","1.3","7","-0.972306","1","0.180278","0.65","0.59849",
"15","1.4","7","-0.972306","1","0.180278","0.65","0.59849",
"15","2","0","-1.79605","0","0.304138","0.8","0.225251",
"15","2.1","0","-1.79605","0","0.304138","0.8","0.225251",
"15","2.2","0","-1.79605","0","0.304138","0.8","0.225251",
"15","2.3","0","-1.79605","0","0.304138","0.8","0.225251",
"15","2.4","0","-1.79605","0","0.304138","0.8","0.225251",
"15","2","0","-1.79605","1","0.304138","0.8","0",
"15","2.1","0","-1.79605","1","0.304138","0.8","0",
"15","2.2","0","-1.79605","1","0.304138","0.8","0",
"15","2.3","0","-1.79605","1","0.304138","0.8","0",
"15","2.4","0","-1.79605","1","0.304138","0.8","0",
"15","2","1","2.00016","0","0.111803","0.8","3.57096",
"15","2.1","1","2.00016","0","0.111803","0.8","3.57096",
"15","2.2","1","2.00016","0","0.111803","0.8","3.57096",
"15","2.3","1","2.00016","0","0.111803","0.8","3.57096",
"15","2.4","1","2.00016","0","0.111803","0.8","3.57096",
"15","2","1","2.00016","1","0.111803","0.8","0",
"15","2.1","1","2.00016","1","0.111803","0.8","0",
"15","2.2","1","2.00016","1","0.111803","0.8","0",
"15","2.3","1","2.00016","1","0.111803","0.8","0",
"15","2.4","1","2.00016","1","0.111803","0.8","0",
"15","2","2","-1.54416","0","0.33541","0.8","0.0266325",
"15","2.1","2","-1.54416","0","0.33541","0.8","0.0266325",
"15","2.2","2","-1.54416","0","0.33541","0.8","0.0266325",
"15","2.3","2","-1.54416","0","0.33541","0.8","0.0266325",
"15","2.4","2","-1.54416","0","0.33541","0.8","0.0266325",
"15","2","2","-1.54416","1","0.33541","0.8","0",
"15","2.1","2","-1.54416","1","0.33541","0.8","0",
"15","2.2","2","-1.54416","1","0.33541","0.8","0",
"15","2.3","2","-1.54416","1","0.33541","0.8","0",
"15","2.4","2","-1.54416","1","0.33541","0.8","0",
"15","2","3","1.25689","0","0.180278","0.8","2.82768",
"15","2.1","3","1.25689","0","0.180278","0.8","2.82768",
"15","2.2","3","1.25689","0","0.180278","0.8","2.82768",
"15","2.3","3","1.25689","0","0.180278","0.8","2.82768",
"15","2.4","3","1.25689","0","0.180278","0.8","2.82768",
"15","2","3","1.25689","1","0.180278","0.8","0",
"15","2.1","3","1.25689","1","0.180278","0.8","0",
"15","2.2","3","1.25689","1","0.180278","0.8","0",
"15","2.3","3","1.25689","1","0.180278","0.8","0",
"15","2.4","3","1.25689","1","0.180278","0.8","0",
"15","2","4","-1.04188","0","0.304138","0.65","0.528917",
"15","2.1","4","-1.04188","0","0.304138","0.65","0.528917",
"15","2.2","4","-1.04188","0","0.304138","0.65","0.528917",
"15","2.3","4","-1.04188","0","0.304138","0.65","0.528917",
"15","2.4","4","-1.04188","0","0.304138","0.65","0.528917",
"15","2","4","-1.04188","1","0.304138","0.65","0",
"15","2.1","4","-1.04188","1","0.304138","0.65","0",
"15","2.2","4","-1.04188","1","0.304138","0.65","0",
"15","2.3","4","-1.04188","1","0.304138","0.65","0",
"15","2.4","4","-1.04188","1","0.304138","0.65","0",
"15","2","5","-2.50555","0","0.111803","0.65","0.934756",
"15","2.1","5","-2.50555","0","0.111803","0.65","0.934756",
"15","2.2","5","-2.50555","0","0.111803","0.65","0.934756",
"15","2.3","5","-2.50555","0","0.111803","0.65","0.934756",
"15","2.4","5","-2.50555","0","0.111803","0.65","0.934756",
"15","2","5","-2.50555","1","0.111803","0.65","0",
"15","2.1","5","-2.50555","1","0.111803","0.65","0",
"15","2.2","5","-2.50555","1","1.01649","7.51242","0",
"15","2.3","5","-2.50555","1","0.111803","0.65","0",
"15","2.4","5","-2.50555","1","0.111803","0.65","0",
"15","2","6","-1.25387","0","0.33541","0.65","0.316923",
"15","2.1","6","-1.25387","0","0.33541","0.65","0.316923",
"15","2.2","6","-1.25387","0","0.33541","0.65","0.316923",
"15","2.3","6","-1.25387","0","0.33541","0.65","0.316923",
"15","2.4","6","-1.25387","0","0.33541","0.65","0.316923",
"15","2","6","-1.25387","1","0.33541","0.65","0",
"15","2.1","6","-1.25387","1","0.33541","0.65","0",
"15","2.2","6","-1.25387","1","0.33541","0.65","0",
"15","2.3","6","-1.25387","1","0.33541","0.65","0",
"15","2.4","6","-1.25387","1","0.203226","0.468873","0",
"15","2","7","-1.99461","0","0.180278","0.65","0.423811",
"15","2.1","7","-1.99461","0","0.180278","0.65","0.423811",
"15","2.2","7","-1.99461","0","0.180278","0.65","0.423811",
"15","2.3","7","-1.99461","0","0.180278","0.65","0.423811",
"15","2.4","7","-1.99461","0","0.180278","0.65","0.423811",
"15","2","7","-1.99461","1","0.180278","0.65","0",
"15","2.1","7","-1.99461","1","0.180278","0.65","0",
"15","2.2","7","-1.99461","1","0.180278","0.65","0",
"15","2.3","7","-1.99461","1","0.180278","0.65","0",
"15","2.4","7","-1.99461","1","0.180278","0.65","0",
"10","0","0","1.54146","0","0.0292684","0.016955","0",
"10","0.1","0","1.54146","0","0.0340589","0.127354","0",
"10","0.2","0","1.54146","0","0.0120948","0.0797977","0",
"10","0.3","0","1.54146","0","0.0277426","0.00419011","0",
"10","0.4","0","1.54146","0","0.172778","0.519697","0",
"10","0","0","1.54146","1","2.16021","9.49363","1.54146",
"10","0.1","0","1.54146","1","1.3382","7.11818","1.54146",
"10","0.2","0","1.54146","1","0.0134457","0.0142265","1.54146",
"10","0.3","0","1.54146","1","0.208281","0.404091","0.0293326",
"10","0.4","0","1.54146","1","0.0245266","0.0105223","1.54146",
"10","0","1","-0.727458","0","0.0403903","0.0105223","0",
"10","0.1","1","-0.727458","0","0.0813506","0.0368807","0",
"10","0.2","1","-0.727458","0","0.0545894","0.0234907","0",
"10","0.3","1","-0.727458","0","0.0170563","0.0437404","0",
"10","0.4","1","-0.727458","0","0.0150472","0.0437404","0",
"10","0","1","-0.727458","1","0.0534039","0.0318184","2.29825",
"10","0.1","1","-0.727458","1","0.0330859","0.00818203","0.727458",
"10","0.2","1","-0.727458","1","1.09444","4.6177","0.727458",
"10","0.3","1","-0.727458","1","0.561445","3.31745","0.727458",
"10","0.4","1","-0.727458","1","0.0503605","0.0260426","0.727458",
"10","0","2","-1.11265","0","0.0596805","0.0234907","0",
"10","0.1","2","-1.11265","0","0.00919101","0.0105223","0",
"10","0.2","2","-1.11265","0","0.0330105","0.016955","0",
"10","0.3","2","-1.11265","0","0.0684463","0.0873822","0",
"10","0.4","2","-1.11265","0","0.0341702","0.00419011","0",
"10","0","2","-1.11265","1","0.0304313","0.0594508","1.11265",
"10","0.1","2","-1.11265","1","0.0297105","0.0318184","1.11265",
"10","0.2","2","-1.11265","1","0.308997","1.59182","1.11265",
"10","0.3","2","-1.11265","1","0.0361239","0.00419011","1.11265",
"10","0.4","2","-1.11265","1","0.450209","2.14104","2.68345",
"10","0","3","-0.447853","0","0.028875","0.0301317","0",
"10","0.1","3","-0.447853","0","0.108567","0.0368807","0",
"10","0.2","3","-0.447853","0","0.0445347","0.0437404","0",
"10","0.3","3","-0.447853","0","0.00925546","0.016955","0",
"10","0.4","3","-0.447853","0","0.0145882","0.0105223","0",
"10","0","3","-0.447853","1","0.0227246","0.0486399","0.447853",
"10","0.1","3","-0.447853","1","0.0429248","0.0486399","0.447853",
"10","0.2","3","-0.447853","1","0.0452475","0.00818203","0.447853",
"10","0.3","3","-0.447853","1","0.0804215","0.0375086","0.447853",
"10","0.4","3","-0.447853","1","0.0537418","0.0594508","0.447853",
"10","0","4","-0.351224","0","0.00450923","0.0749038","0",
"10","0.1","4","-0.351224","0","0.134184","0.0749038","0",
"10","0.2","4","-0.351224","0","2.23276","12.0874","0",
"10","0.3","4","-0.351224","0","1.21627","6.36869","0",
"10","0.4","4","-0.351224","0","0.0436001","0.0272127","0",
"10","0","4","-0.351224","1","0.00775863","0.237382","0.351224",
"10","0.1","4","-0.351224","1","0.209166","0.330322","0.351224",
"10","0.2","4","-0.351224","1","0.137306","0.561016","0.351224",
"10","0.3","4","-0.351224","1","0.562103","2.89953","0.351224",
"10","0.4","4","-0.351224","1","0.0208806","0.722484","0.351224",
"10","0","5","1.06575","0","0.0619787","0.0227865","0",
"10","0.1","5","1.06575","0","0.357144","1.67936","0",
"10","0.2","5","1.06575","0","0.0946353","0.00564544","0",
"10","0.3","5","1.06575","0","0.0534638","0.0141054","0",
"10","0.4","5","1.06575","0","0.0228376","0.0272127","0",
"10","0","5","1.06575","1","0.0354149","0.0141054","1.06575",
"10","0.1","5","1.06575","1","0.133207","1.36836","1.06575",
"10","0.2","5","1.06575","1","0.270029","1.1559","1.06575",
"10","0.3","5","1.06575","1","0.143876","0.760087","1.06575",
"10","0.4","5","1.06575","1","0.256701","1.54013","1.06575",
"10","0","6","1.68953","0","0.0582447","0.0362422","0",
"10","0.1","6","1.68953","0","0.056937","0.118182","0",
"10","0.2","6","1.68953","0","0.0124186","0.0599058","0",
"10","0.3","6","1.68953","0","0.185347","0.620819","0",
"10","0.4","6","1.68953","0","0.0117827","0.135774","0",
"10","0","6","1.68953","1","0.0221677","0.0066479","0.118732",
"10","0.1","6","1.68953","1","0.0223345","0.0066479","0.118732",
"10","0.2","6","1.68953","1","0.0315296","0.0444921","1.68953",
"10","0.3","6","1.68953","1","0.0227586","0.0502472","1.68953",
"10","0.4","6","1.68953","1","0.0342169","0.0272127","0.118732",
"10","0","7","-1.15044","0","0.132497","0.369172","0",
"10","0.1","7","-1.15044","0","0.06618","0.0698345","0",
"10","0.2","7","-1.15044","0","0.0990036","0.00564544","0",
"10","0.3","7","-1.15044","0","0.0174777","0.106885","0",
"10","0.4","7","-1.15044","0","0.0291579","0.00984828","0",
"10","0","7","-1.15044","1","0.898219","2.46928","1.15044",
"10","0.1","7","-1.15044","1","0.0115693","0.0223394","2.72124",
"10","0.2","7","-1.15044","1","0.0516987","0.0959155","1.15044",
"10","0.3","7","-1.15044","1","0.0877733","0.0444921","2.72124",
"10","0.4","7","-1.15044","1","0.0268948","0.0227865","2.72124",
"10","1","0","-2.67382","0","0.0354329","0.00419011","4.24462",
"10","1.1","0","-2.67382","0","0.208705","0.479326","4.24462",
"10","1.2","0","-2.67382","0","0.0332242","0.0723418","2.67382",
"10","1.3","0","-2.67382","0","0.359026","3.31745","2.67382",
"10","1.4","0","-2.67382","0","0.0337148","0.00818203","4.24462",
"10","1","0","-2.67382","1","0.145517","0.302723","2.67382",
"10","1.1","0","-2.67382","1","0.0239144","0.00419011","2.67382",
"10","1.2","0","-2.67382","1","0.0347551","0.0105223","2.67382",
"10","1.3","0","-2.67382","1","0.0156264","0.0723418","2.67382",
"10","1.4","0","-2.67382","1","0.292712","1.43775","2.67382",
"10","1","1","0.723668","0","0.0957105","1.17954","0.723668",
"10","1.1","1","0.723668","0","0.130581","0.00204394","0.847128",
"10","1.2","1","0.723668","0","0.0441497","0.0797977","0.723668",
"10","1.3","1","0.723668","0","4.10503","24.9341","0.723668",
"10","1.4","1","0.723668","0","0.0225482","0.00419011","0.723668",
"10","1","1","0.723668","1","0.0710892","0.219172","0.723668",
"10","1.1","1","0.723668","1","0.988038","5.47892","0.723668",
"10","1.2","1","0.723668","1","0.0167475","0.0234907","0.847128",
"10","1.3","1","0.723668","1","0.0848013","0.261199","0.723668",
"10","1.4","1","0.723668","1","0.0513574","0.306842","0.723668",
"10","1","2","1.32058","0","0.0825584","0.0201793","1.32058",
"10","1.1","2","1.32058","0","0.103308","0.0142265","1.32058",
"10","1.2","2","1.32058","0","0.0337371","0.0142265","1.32058",
"10","1.3","2","1.32058","0","0.073945","0.0950986","1.32058",
"10","1.4","2","1.32058","0","0.0199389","0.0142265","1.32058",
"10","1","2","1.32058","1","0.0305852","0.0368807","0.250216",
"10","1.1","2","1.32058","1","0.111365","0.0594508","1.32058",
"10","1.2","2","1.32058","1","0.204686","0.369304","0.250216",
"10","1.3","2","1.32058","1","0.00934961","0.0368807","1.32058",
"10","1.4","2","1.32058","1","0.0138724","0.0142265","0.250216",
"10","1","3","3.07492","0","0.045578","0.016955","3.07492",
"10","1.1","3","3.07492","0","0.0134371","0.0578028","3.07492",
"10","1.2","3","3.07492","0","0.107916","0.321226","3.07492",
"10","1.3","3","3.07492","0","0.0678594","0.0105223","3.07492",
"10","1.4","3","3.07492","0","0.0440455","0.0234907","1.50412",
"10","1","3","3.07492","1","0.0482536","0.10295","3.07492",
"10","1.1","3","3.07492","1","0.0759425","0.0437404","3.07492",
"10","1.2","3","3.07492","1","0.0124258","0.0234907","3.07492",
"10","1.3","3","3.07492","1","0.0248805","0.0234907","3.07492",
"10","1.4","3","3.07492","1","0.121035","0.0301317","3.07492",
"10","1","4","-1.57063","0","0.0857876","0.561016","1.57063",
"10","1.1","4","-1.57063","0","0.0646094","0.303114","1.57063",
"10","1.2","4","-1.57063","0","0.152063","0.652992","1.57063",
"10","1.3","4","-1.57063","0","14.4984","50.8182","3.14143",
"10","1.4","4","-1.57063","0","0.0673802","0.260941","3.14143",
"10","1","4","-1.57063","1","0.135169","0.546934","3.14143",
"10","1.1","4","-1.57063","1","0.164591","0.722484","1.57063",
"10","1.2","4","-1.57063","1","0.0278005","0.277354","3.14143",
"10","1.3","4","-1.57063","1","2.47544","15.3552","1.57063",
"10","1.4","4","-1.57063","1","0.198075","0.933636","1.57063",
"10","1","5","2.18146","0","0.0458397","0.349382","2.18146",
"10","1.1","5","2.18146","0","0.023996","0.260941","2.18146",
"10","1.2","5","2.18146","0","0.0211757","0.339772","0.610664",
"10","1.3","5","2.18146","0","0.375172","1.68946","0.610664",
"10","1.4","5","2.18146","0","0.244429","1.1559","0.610664",
"10","1","5","2.18146","1","0.0715426","0.669697","2.18146",
"10","1.1","5","2.18146","1","0.0162887","0.0272127","2.18146",
"10","1.2","5","2.18146","1","0.0793024","0.456842","2.18146",
"10","1.3","5","2.18146","1","0.184948","0.98391","2.18146",
"10","1.4","5","2.18146","1","0.0901477","0.00564544","2.18146",
"10","1","6","-3.09323","0","0.018163","0.0227865","3.09323",
"10","1.1","6","-3.09323","0","0.0762827","0.0141054","3.09323",
"10","1.2","6","-3.09323","0","0.0295315","0.0141054","3.09323",
"10","1.3","6","-3.09323","0","0.0217425","0.269074","3.09323",
"10","1.4","6","-3.09323","0","0.117969","0.519731","3.09323",
"10","1","6","-3.09323","1","0.422011","1.18815","3.09323",
"10","1.1","6","-3.09323","1","0.0165596","0.0316976","3.09323",
"10","1.2","6","-3.09323","1","0.00882656","0.0272127","3.09323",
"10","1.3","6","-3.09323","1","0.0356988","0.0227865","3.09323",
"10","1.4","6","-3.09323","1","0.336669","1.36836","3.09323",
"10","1","7","0.324789","0","0.068515","0.0184178","0.324789",
"10","1.1","7","0.324789","0","0.0326636","0.0141054","0.324789",
"10","1.2","7","0.324789","0","0.0289082","0.0227865","1.24601",
"10","1.3","7","0.324789","0","0.0519221","0.147956","1.24601",
"10","1.4","7","0.324789","0","0.044687","0.0106439","0.324789",
"10","1","7","0.324789","1","1.02626","3.10087","0.324789",
"10","1.1","7","0.324789","1","0.0504","0.00564544","0.324789",
"10","1.2","7","0.324789","1","0.0292023","0.0227865","1.24601",
"10","1.3","7","0.324789","1","0.010539","0.0316976","0.324789",
"10","1.4","7","0.324789","1","0.0391975","0.0362422","0.324789",
"10","2","0","1.5889","0","0.429261","1.98318","1.5889",
"10","2.1","0","1.5889","0","0.0112071","0.0234907","1.5889",
"10","2.2","0","1.5889","0","0.0345161","0.110941","1.5889",
"10","2.3","0","1.5889","0","0.398331","1.65087","1.5889",
"10","2.4","0","1.5889","0","0.127798","0.0437404","1.5889",
"10","2","0","1.5889","1","0.0382214","0.0105223","0",
"10","2.1","0","1.5889","1","0.261651","1.56818","0",
"10","2.2","0","1.5889","1","0.189534","1.0653","0",
"10","2.3","0","1.5889","1","0.130718","0.14437","0",
"10","2.4","0","1.5889","1","0.0790805","0.0368807","0",
"10","2","1","-1.7189","0","0.0655855","0.016955","1.7189",
"10","2.1","1","-1.7189","0","0.0178152","0.00419011","1.7189",
"10","2.2","1","-1.7189","0","0.0290698","0.00204394","1.7189",
"10","2.3","1","-1.7189","0","0.726702","3.67549","1.7189",
"10","2.4","1","-1.7189","0","4.30948","12.2374","3.2897",
"10","2","1","-1.7189","1","0.106614","0.28354","0",
"10","2.1","1","-1.7189","1","0.0985552","0.00419011","0",
"10","2.2","1","-1.7189","1","0.0515453","0.180346","0",
"10","2.3","1","-1.7189","1","0.112893","0.0797977","0",
"10","2.4","1","-1.7189","1","0.0124849","0.0437404","0",
"10","2","2","0.913935","0","0.360774","1.59387","0.913935",
"10","2.1","2","0.913935","0","0.29818","1.2021","0.913935",
"10","2.2","2","0.913935","0","0.0158706","0.0105223","0.656862",
"10","2.3","2","0.913935","0","0.0471699","0.0578028","0.913935",
"10","2.4","2","0.913935","0","0.054266","0.0234907","0.656862",
"10","2","2","0.913935","1","0.081849","0.199382","0",
"10","2.1","2","0.913935","1","0.0284372","0.0647405","0",
"10","2.2","2","0.913935","1","0.178563","0.629671","0",
"10","2.3","2","0.913935","1","0.0196499","0.016955","0",
"10","2.4","2","0.913935","1","0.193428","0.80838","0",
"10","2","3","-0.502978","0","0.122213","0.0105223","0.502978",
"10","2.1","3","-0.502978","0","0.180397","1.07157","0.502978",
"10","2.2","3","-0.502978","0","0.161551","0.318989","0.502978",
"10","2.3","3","-0.502978","0","0.0155795","0.0234907","0.502978",
"10","2.4","3","-0.502978","0","0.0542692","0.0578028","0.502978",
"10","2","3","-0.502978","1","0.0603096","0.0647405","0",
"10","2.1","3","-0.502978","1","0.0246185","0.219172","0",
"10","2.2","3","-0.502978","1","0.0513998","0.0650112","0",
"10","2.3","3","-0.502978","1","1.22084","5.94682","0",
"10","2.4","3","-0.502978","1","0.00277865","0.0142265","0",
"10","2","4","-0.252109","0","0.241763","1.09468","0.252109",
"10","2.1","4","-0.252109","0","0.340897","1.45074","1.82291",
"10","2.2","4","-0.252109","0","0.135322","0.669697","1.82291",
"10","2.3","4","-0.252109","0","0.00766766","0.0141054","1.82291",
"10","2.4","4","-0.252109","0","0.0173611","0.0648357","0.252109",
"10","2","4","-0.252109","1","0.128072","0.605321","0",
"10","2.1","4","-0.252109","1","0.10771","0.575433","0",
"10","2.2","4","-0.252109","1","0.0823445","0.0959155","0",
"10","2.3","4","-0.252109","1","0.0333287","0.135774","0",
"10","2.4","4","-0.252109","1","0.229044","0.909641","0",
"10","2","5","0.558972","0","0.0259273","0.277354","1.01182",
"10","2.1","5","0.558972","0","0.0199455","0.0550434","0.558972",
"10","2.2","5","0.558972","0","0.287522","1.18815","0.558972",
"10","2.3","5","0.558972","0","0.0607423","0.312022","1.01182",
"10","2.4","5","0.558972","0","0.0886242","0.546934","0.558972",
"10","2","5","0.558972","1","0.0782997","0.669697","0",
"10","2.1","5","0.558972","1","0.554026","2.46928","0",
"10","2.2","5","0.558972","1","0.00694835","0.369172","0",
"10","2.3","5","0.558972","1","0.0909488","1.18815","0",
"10","2.4","5","0.558972","1","0.0801199","0.400371","0",
"10","2","6","-2.60855","0","0.0363595","0.0550434","4.17934",
"10","2.1","6","-2.60855","0","0.0258764","0.0184178","2.60855",
"10","2.2","6","-2.60855","0","0.73633","2.29104","2.60855",
"10","2.3","6","-2.60855","0","0.0886854","0.43354","2.60855",
"10","2.4","6","-2.60855","0","0.0374699","0.0316976","2.60855",
"10","2","6","-2.60855","1","0.0386699","0.15419","0",
"10","2.1","6","-2.60855","1","0.144883","0.456842","0",
"10","2.2","6","-2.60855","1","0.208422","0.98391","0",
"10","2.3","6","-2.60855","1","0.0162387","0.0316976","0",
"10","2.4","6","-2.60855","1","0.0708935","0.29437","0",
"10","2","7","-1.10448","0","0.0142849","0.0141054","1.10448",
"10","2.1","7","-1.10448","0","0.0374722","0.0599058","2.67527",
"10","2.2","7","-1.10448","0","0.0762808","0.468873","1.10448",
"10","2.3","7","-1.10448","0","0.0868427","0.0905492","1.10448",
"10","2.4","7","-1.10448","0","0.0408997","0.0749038","1.10448",
"10","2","7","-1.10448","1","0.322385","1.63747","0",
"10","2.1","7","-1.10448","1","0.0154911","0.00984828","0",
"10","2.2","7","-1.10448","1","0.0526772","0.400371","0",
"10","2.3","7","-1.10448","1","0.0350726","0.0599058","0",
"10","2.4","7","-1.10448","1","0.102173","0.277354","0",
"5","0","0","-1.58163","0","0.00434289","0.0301317","0",
"5","0.1","0","-1.58163","0","0.00955682","0.016955","0",
"5","0.2","0","-1.58163","0","0.0029077","0.0301317","0",
"5","0.3","0","-1.58163","0","0.00286155","0.016955","0",
"5","0.4","0","-1.58163","0","0.0131281","0.0301317","0",
"5","0","0","-1.58163","1","0.00252091","0.0105223","1.58163",
"5","0.1","0","-1.58163","1","0.00445496","0.0486399","1.58163",
"5","0.2","0","-1.58163","1","0.0046673","0.00204394","1.58163",
"5","0.3","0","-1.58163","1","0.00554956","0.00204394","3.15243",
"5","0.4","0","-1.58163","1","0.00679561","0.0142265","1.58163",
"5","0","1","-2.87033","0","0.0158119","0.0368807","0",
"5","0.1","1","-2.87033","0","0.00789289","0.0368807","0",
"5","0.2","1","-2.87033","0","0.00681425","0.0368807","0",
"5","0.3","1","-2.87033","0","0.0160402","0.0368807","0",
"5","0.4","1","-2.87033","0","0.00255022","0.0301317","0",
"5","0","1","-2.87033","1","0.0114173","0.0105223","2.87033",
"5","0.1","1","-2.87033","1","0.00860027","0.00818203","2.87033",
"5","0.2","1","-2.87033","1","0.011535","0.00419011","4.44113",
"5","0.3","1","-2.87033","1","0.0153334","0.00204394","2.87033",
"5","0.4","1","-2.87033","1","0.00629864","0.00419011","2.87033",
"5","0","2","1.50897","0","0.00904899","0.016955","0",
"5","0.1","2","1.50897","0","0.00678093","0.016955","0",
"5","0.2","2","1.50897","0","0.015515","0.0105223","0",
"5","0.3","2","1.50897","0","0.00987394","0.0105223","0",
"5","0.4","2","1.50897","0","0.0031241","0.0234907","0",
"5","0","2","1.50897","1","0.0153268","0.00818203","1.50897",
"5","0.1","2","1.50897","1","0.0136101","0.00204394","1.50897",
"5","0.2","2","1.50897","1","0.0177996","0.0431152","0.0618282",
"5","0.3","2","1.50897","1","0.0203868","0.0142265","0.0618282",
"5","0.4","2","1.50897","1","0.0208759","0.0375086","1.50897",
"5","0","3","1.48261","0","0.0074351","0.0301317","0",
"5","0.1","3","1.48261","0","0.00901638","0.0301317","0",
"5","0.2","3","1.48261","0","0.00857268","0.0301317","0",
"5","0.3","3","1.48261","0","0.0103479","0.016955","0",
"5","0.4","3","1.48261","0","0.0103342","0.0105223","0",
"5","0","3","1.48261","1","0.0214121","0.0431152","1.48261",
"5","0.1","3","1.48261","1","0.00563692","0.0105223","1.48261",
"5","0.2","3","1.48261","1","0.0163541","0.00818203","0.0881866",
"5","0.3","3","1.48261","1","0.00808822","0.0431152","0.0881866",
"5","0.4","3","1.48261","1","0.0139157","0.00204394","1.48261",
"5","0","4","-1.59774","0","0.00708572","0.0272127","0",
"5","0.1","4","-1.59774","0","0.00208044","0.0272127","0",
"5","0.2","4","-1.59774","0","0.00201416","0.0316976","0",
"5","0.3","4","-1.59774","0","0.00275612","0.0141054","0",
"5","0.4","4","-1.59774","0","0.00478955","0.0272127","0",
"5","0","4","-1.59774","1","0.00792904","0.00984828","1.59774",
"5","0.1","4","-1.59774","1","0.0124289","0.0372837","1.59774",
"5","0.2","4","-1.59774","1","0.0040542","0.00984828","1.59774",
"5","0.3","4","-1.59774","1","0.0157149","0.00984828","1.59774",
"5","0.4","4","-1.59774","1","0.00214617","0.0372837","1.59774",
"5","0","5","-2.3172","0","0.00811036","0.0362422","0",
"5","0.1","5","-2.3172","0","0.0107497","0.0362422","0",
"5","0.2","5","-2.3172","0","0.0149567","0.0455158","0",
"5","0.3","5","-2.3172","0","0.00948779","0.0316976","0",
"5","0.4","5","-2.3172","0","0.0134185","0.0272127","0",
"5","0","5","-2.3172","1","0.00792905","0.00984828","2.3172",
"5","0.1","5","-2.3172","1","0.00871888","0.00984828","2.3172",
"5","0.2","5","-2.3172","1","0.00425969","0.0299016","3.888",
"5","0.3","5","-2.3172","1","0.00919164","0.00564544","2.3172",
"5","0.4","5","-2.3172","1","0.00373778","0.00984828","2.3172",
"5","0","6","2.71371","0","0.00161289","0.0141054","0",
"5","0.1","6","2.71371","0","0.00978482","0.00984828","0",
"5","0.2","6","2.71371","0","0.00747055","0.0316976","0",
"5","0.3","6","2.71371","0","0.00516809","0.00984828","0",
"5","0.4","6","2.71371","0","0.00604742","0.00984828","0",
"5","0","6","2.71371","1","0.0208521","0.0026017","2.71371",
"5","0.1","6","2.71371","1","0.0225149","0.0444921","2.71371",
"5","0.2","6","2.71371","1","0.0214648","0.0480331","1.14291",
"5","0.3","6","2.71371","1","0.031568","0.0444921","2.71371",
"5","0.4","6","2.71371","1","0.0144052","0.00984828","2.71371",
"5","0","7","2.08241","0","0.0121963","0.00984828","0",
"5","0.1","7","2.08241","0","0.0062634","0.0141054","0",
"5","0.2","7","2.08241","0","0.00641024","0.00984828","0",
"5","0.3","7","2.08241","0","0.00899723","0.00984828","0",
"5","0.4","7","2.08241","0","0.00345204","0.00984828","0",
"5","0","7","2.08241","1","0.0248246","0.0444921","2.08241",
"5","0.1","7","2.08241","1","0.0274208","0.0444921","2.08241",
"5","0.2","7","2.08241","1","0.0300885","0.0480331","0.511615",
"5","0.3","7","2.08241","1","0.0280504","0.0409092","2.08241",
"5","0.4","7","2.08241","1","0.0181548","0.0145905","2.08241",
"5","1","0","0.994955","0","0.00651153","0.0234907","0.575841",
"5","1.1","0","0.994955","0","0.00764428","0.0105223","0.994955",
"5","1.2","0","0.994955","0","0.00752163","0.0105223","0.575841",
"5","1.3","0","0.994955","0","0.00739698","0.0105223","0.994955",
"5","1.4","0","0.994955","0","0.00568758","0.00419011","0.994955",
"5","1","0","0.994955","1","0.0065446","0.016955","0.994955",
"5","1.1","0","0.994955","1","0.00317411","0.0105223","0.994955",
"5","1.2","0","0.994955","1","0.00987397","0.0105223","0.994955",
"5","1.3","0","0.994955","1","0.00411035","0.0105223","0.575841",
"5","1.4","0","0.994955","1","0.00239479","0.0105223","0.994955",
"5","1","1","1.66599","0","0.00474079","0.0105223","1.66599",
"5","1.1","1","1.66599","0","0.010394","0.0105223","1.66599",
"5","1.2","1","1.66599","0","0.00915725","0.0105223","1.66599",
"5","1.3","1","1.66599","0","0.00395664","0.0105223","0.0951955",
"5","1.4","1","1.66599","0","0.00867035","0.0105223","1.66599",
"5","1","1","1.66599","1","0.010946","0.0105223","1.66599",
"5","1.1","1","1.66599","1","0.00212015","0.0105223","1.66599",
"5","1.2","1","1.66599","1","0.0166517","0.0234907","1.66599",
"5","1.3","1","1.66599","1","0.00874157","0.0105223","0.0951955",
"5","1.4","1","1.66599","1","0.00162327","0.0105223","1.66599",
"5","1","2","1.45716","0","0.00164924","0.0234907","1.45716",
"5","1.1","2","1.45716","0","0.00161291","0.0301317","0.113639",
"5","1.2","2","1.45716","0","3.11145e-08","0.016955","1.45716",
"5","1.3","2","1.45716","0","0.00684688","0.0234907","0.113639",
"5","1.4","2","1.45716","0","0.0143309","0.0105223","1.45716",
"5","1","2","1.45716","1","0.00482756","0.016955","1.45716",
"5","1.1","2","1.45716","1","0.00604424","0.016955","0.113639",
"5","1.2","2","1.45716","1","0.00859852","0.0105223","1.45716",
"5","1.3","2","1.45716","1","0.0227892","0.0437404","0.113639",
"5","1.4","2","1.45716","1","0.00859853","0.0105223","1.45716",
"5","1","3","-1.35572","0","0.0107948","0.016955","1.35572",
"5","1.1","3","-1.35572","0","0.00709753","0.0105223","1.35572",
"5","1.2","3","-1.35572","0","0.00606684","0.00204394","1.35572",
"5","1.3","3","-1.35572","0","0.00772355","0.0368807","1.35572",
"5","1.4","3","-1.35572","0","0.00239479","0.0105223","1.35572",
"5","1","3","-1.35572","1","0.00247268","0.0368807","1.35572",
"5","1.1","3","-1.35572","1","0.00684688","0.0234907","1.35572",
"5","1.2","3","-1.35572","1","0.00501946","0.016955","2.92652",
"5","1.3","3","-1.35572","1","0.00180326","0.0301317","1.35572",
"5","1.4","3","-1.35572","1","0.00577784","0.016955","1.35572",
"5","1","4","-2.71112","0","0.0055143","0.00984828","2.71112",
"5","1.1","4","-2.71112","0","0.00707476","0.0141054","2.71112",
"5","1.2","4","-2.71112","0","0.00237911","0.0227865","2.71112",
"5","1.3","4","-2.71112","0","0.00516813","0.00984828","2.71112",
"5","1.4","4","-2.71112","0","0.0105721","0.00984828","2.71112",
"5","1","4","-2.71112","1","0.00555554","0.0227865","2.71112",
"5","1.1","4","-2.71112","1","0.00479553","0.0141054","2.71112",
"5","1.2","4","-2.71112","1","0.00430014","0.00984828","2.71112",
"5","1.3","4","-2.71112","1","0.00410457","0.00984828","2.71112",
"5","1.4","4","-2.71112","1","0.00598672","0.0184178","4.28192",
"5","1","5","-1.90142","0","0.00574338","0.0141054","3.47222",
"5","1.1","5","-1.90142","0","0.00550991","0.0184178","1.90142",
"5","1.2","5","-1.90142","0","0.00744735","0.0141054","1.90142",
"5","1.3","5","-1.90142","0","0.00516812","0.00984828","1.90142",
"5","1.4","5","-1.90142","0","0.00699374","0.0184178","1.90142",
"5","1","5","-1.90142","1","0.00644223","0.00984828","1.90142",
"5","1.1","5","-1.90142","1","0.00488152","0.0141054","1.90142",
"5","1.2","5","-1.90142","1","0.0081084","0.00984828","1.90142",
"5","1.3","5","-1.90142","1","0.00275614","0.0141054","1.90142",
"5","1.4","5","-1.90142","1","0.00550993","0.0184178","1.90142",
"5","1","6","-2.35578","0","0.00681417","0.00984828","2.35578",
"5","1.1","6","-2.35578","0","0.00116306","0.0141054","3.92658",
"5","1.2","6","-2.35578","0","0.0103561","0.00984828","2.35578",
"5","1.3","6","-2.35578","0","0.00631335","0.00984828","2.35578",
"5","1.4","6","-2.35578","0","0.0111465","0.00564544","2.35578",
"5","1","6","-2.35578","1","0.0148685","0.00984828","2.35578",
"5","1.1","6","-2.35578","1","0.00602631","0.0141054","2.35578",
"5","1.2","6","-2.35578","1","0.00835793","0.00984828","2.35578",
"5","1.3","6","-2.35578","1","0.00462247","0.00984828","3.92658",
"5","1.4","6","-2.35578","1","0.00616287","0.0141054","2.35578",
"5","1","7","1.75018","0","0.00405417","0.00984828","1.75018",
"5","1.1","7","1.75018","0","0.00924498","0.00984828","0.179387",
"5","1.2","7","1.75018","0","0.00543926","0.00984828","1.75018",
"5","1.3","7","1.75018","0","0.00751617","0.00564544","1.75018",
"5","1.4","7","1.75018","0","0.0115562","0.00984828","0.179387",
"5","1","7","1.75018","1","0.0086634","0.0184178","1.75018",
"5","1.1","7","1.75018","1","0.00275495","0.0184178","1.75018",
"5","1.2","7","1.75018","1","0.00740372","0.0184178","1.75018",
"5","1.3","7","1.75018","1","0.00175983","0.0227865","1.75018",
"5","1.4","7","1.75018","1","0.00894542","0.0141054","1.75018",
"5","2","0","-0.74035","0","0.00212013","0.0105223","0.74035",
"5","2.1","0","-0.74035","0","0.00797608","0.016955","0.74035",
"5","2.2","0","-0.74035","0","0.0133916","0.0105223","2.31115",
"5","2.3","0","-0.74035","0","0.00371418","0.0105223","0.74035",
"5","2.4","0","-0.74035","0","0.00440169","0.0105223","0.74035",
"5","2","0","-0.74035","1","0.00332509","0.0301317","0",
"5","2.1","0","-0.74035","1","0.00549854","0.0437404","0",
"5","2.2","0","-0.74035","1","0.0125487","0.016955","0",
"5","2.3","0","-0.74035","1","0.0120101","0.016955","0",
"5","2.4","0","-0.74035","1","0.00360658","0.0301317","0",
"5","2","1","-2.70977","0","0.00752164","0.0105223","2.70977",
"5","2.1","1","-2.70977","0","0.00317413","0.0105223","2.70977",
"5","2.2","1","-2.70977","0","0.00645718","0.0105223","2.70977",
"5","2.3","1","-2.70977","0","0.00162327","0.0105223","4.28057",
"5","2.4","1","-2.70977","0","0.0148266","0.016955","2.70977",
"5","2","1","-2.70977","1","0.00563694","0.0105223","0",
"5","2.1","1","-2.70977","1","0.00600959","0.0105223","0",
"5","2.2","1","-2.70977","1","0.00481663","0.0234907","0",
"5","2.3","1","-2.70977","1","0.00943926","0.0301317","0",
"5","2.4","1","-2.70977","1","0.00264591","0.0507135","0",
"5","2","2","1.84198","0","0.00996769","0.0105223","1.84198",
"5","2.1","2","1.84198","0","0.0108534","0.00419011","0.271183",
"5","2.2","2","1.84198","0","0.00468185","0.0234907","1.84198",
"5","2.3","2","1.84198","0","0.00393952","0.0234907","1.84198",
"5","2.4","2","1.84198","0","0.00752162","0.0105223","1.84198",
"5","2","2","1.84198","1","0.00180326","0.0301317","0",
"5","2.1","2","1.84198","1","0.0260323","0.0301317","0",
"5","2.2","2","1.84198","1","0.0165719","0.016955","0",
"5","2.3","2","1.84198","1","0.0036657","0.0437404","0",
"5","2.4","2","1.84198","1","0.00819236","0.0105223","0",
"5","2","3","0.748846","0","0.00215404","0.0234907","0.82195",
"5","2.1","3","0.748846","0","0.00943986","0.00419011","0.748846",
"5","2.2","3","0.748846","0","0.00460812","0.0105223","0.748846",
"5","2.3","3","0.748846","0","0.00501196","0.0234907","0.82195",
"5","2.4","3","0.748846","0","0.0107948","0.016955","0.748846",
"5","2","3","0.748846","1","0.00788922","0.0234907","0",
"5","2.1","3","0.748846","1","0.0142659","0.0105223","0",
"5","2.2","3","0.748846","1","0.00838031","0.0368807","0",
"5","2.3","3","0.748846","1","0.00481662","0.0234907","0",
"5","2.4","3","0.748846","1","0.0133042","0.00419011","0",
"5","2","4","1.03919","0","0.00143339","0.00984828","1.03919",
"5","2.1","4","1.03919","0","0.015006","0.00984828","1.03919",
"5","2.2","4","1.03919","0","0.00360657","0.0141054","1.03919",
"5","2.3","4","1.03919","0","0.00735547","0.0272127","1.03919",
"5","2.4","4","1.03919","0","0.00404225","0.0227865","0.531602",
"5","2","4","1.03919","1","0.00757267","0.0184178","0",
"5","2.1","4","1.03919","1","0.00512227","0.0408479","0",
"5","2.2","4","1.03919","1","0.0040958","0.0316976","0",
"5","2.3","4","1.03919","1","0.00266963","0.0316976","0",
"5","2.4","4","1.03919","1","0.00199999","0.0362422","0",
"5","2","5","-0.697433","0","0.00631338","0.00984828","2.26823",
"5","2.1","5","-0.697433","0","0.00399011","0.0141054","0.697433",
"5","2.2","5","-0.697433","0","0.0020271","0.00984828","0.697433",
"5","2.3","5","-0.697433","0","0.00271965","0.00984828","0.697433",
"5","2.4","5","-0.697433","0","0.0048819","0.00984828","2.26823",
"5","2","5","-0.697433","1","0.0127541","0.0749038","0",
"5","2.1","5","-0.697433","1","0.00282403","0.0550434","0",
"5","2.2","5","-0.697433","1","0.00404081","0.0408479","0",
"5","2.3","5","-0.697433","1","0.0067763","0.0852595","0",
"5","2.4","5","-0.697433","1","0.00628933","0.0362422","0",
"5","2","6","1.39227","0","0.00780217","0.0141054","1.39227",
"5","2.1","6","1.39227","0","0.00523521","0.0184178","0.178524",
"5","2.2","6","1.39227","0","0.0129876","0.0141054","0.178524",
"5","2.3","6","1.39227","0","0.00917807","0.00984828","0.178524",
"5","2.4","6","1.39227","0","0.0100558","0.00564544","0.178524",
"5","2","6","1.39227","1","0.0088321","0.0184178","0",
"5","2.1","6","1.39227","1","0.00961536","0.00984828","0",
"5","2.2","6","1.39227","1","0.00613189","0.0502472","0",
"5","2.3","6","1.39227","1","0.00553702","0.0502472","0",
"5","2.4","6","1.39227","1","0.00493914","0.0550434","0",
"5","2","7","1.7369","0","0.011467","0.00984828","1.7369",
"5","2.1","7","1.7369","0","0.0108073","0.0184178","1.7369",
"5","2.2","7","1.7369","0","0.00978481","0.00984828","1.7369",
"5","2.3","7","1.7369","0","0.00747555","0.00984828","0.166105",
"5","2.4","7","1.7369","0","0.0101241","0.0141054","1.7369",
"5","2","7","1.7369","1","0.00491898","0.0455158","0",
"5","2.1","7","1.7369","1","0.0037216","0.0272127","0",
"5","2.2","7","1.7369","1","0.0117146","0.0227865","0",
"5","2.3","7","1.7369","1","0.00965327","0.0184178","0",
"5","2.4","7","1.7369","1","0.00603691","0.0362422","0",
"0","0","0","0.970235","0","0.00830292","0.0301317","0",
"0","0.1","0","0.970235","0","0.00830292","0.0301317","0",
"0","0.2","0","0.970235","0","0.00830292","0.0301317","0",
"0","0.3","0","0.970235","0","0.00830292","0.0301317","0",
"0","0.4","0","0.970235","0","0.00830292","0.0301317","0",
"0","0","0","0.970235","1","0.00317413","0.0105223","2.54103",
"0","0.1","0","0.970235","1","0.00317413","0.0105223","2.54103",
"0","0.2","0","0.970235","1","0.00317413","0.0105223","2.54103",
"0","0.3","0","0.970235","1","0.00317413","0.0105223","2.54103",
"0","0.4","0","0.970235","1","0.00317413","0.0105223","2.54103",
"0","0","1","-1.76864","0","0.00570249","0.0301317","0",
"0","0.1","1","-1.76864","0","0.00570249","0.0301317","0",
"0","0.2","1","-1.76864","0","0.00570249","0.0301317","0",
"0","0.3","1","-1.76864","0","0.00570249","0.0301317","0",
"0","0.4","1","-1.76864","0","0.00570249","0.0301317","0",
"0","0","1","-1.76864","1","0.00474079","0.0105223","0.197846",
"0","0.1","1","-1.76864","1","0.00474079","0.0105223","0.197846",
"0","0.2","1","-1.76864","1","0.00474079","0.0105223","0.197846",
"0","0.3","1","-1.76864","1","0.00474079","0.0105223","0.197846",
"0","0.4","1","-1.76864","1","0.00474079","0.0105223","0.197846",
"0","0","2","0.616735","0","0.0124312","0.0105223","0",
"0","0.1","2","0.616735","0","0.0124312","0.0105223","0",
"0","0.2","2","0.616735","0","0.0124312","0.0105223","0",
"0","0.3","2","0.616735","0","0.0124312","0.0105223","0",
"0","0.4","2","0.616735","0","0.0124312","0.0105223","0",
"0","0","2","0.616735","1","0.0101562","0.00419011","1.40213",
"0","0.1","2","0.616735","1","0.0101562","0.00419011","1.40213",
"0","0.2","2","0.616735","1","0.0101562","0.00419011","1.40213",
"0","0.3","2","0.616735","1","0.0101562","0.00419011","1.40213",
"0","0.4","2","0.616735","1","0.0101562","0.00419011","1.40213",
"0","0","3","0.0235019","0","0.00247267","0.0368807","0",
"0","0.1","3","0.0235019","0","0.00247267","0.0368807","0",
"0","0.2","3","0.0235019","0","0.00247267","0.0368807","0",
"0","0.3","3","0.0235019","0","0.00247267","0.0368807","0",
"0","0.4","3","0.0235019","0","0.00247267","0.0368807","0",
"0","0","3","0.0235019","1","0.00952233","0.0105223","0.8089",
"0","0.1","3","0.0235019","1","0.00952233","0.0105223","0.8089",
"0","0.2","3","0.0235019","1","0.00952233","0.0105223","0.8089",
"0","0.3","3","0.0235019","1","0.00952233","0.0105223","0.8089",
"0","0.4","3","0.0235019","1","0.00952233","0.0105223","0.8089",
"0","0","4","-0.641313","0","0.00906764","0.0362422","0",
"0","0.1","4","-0.641313","0","0.00906764","0.0362422","0",
"0","0.2","4","-0.641313","0","0.00906764","0.0362422","0",
"0","0.3","4","-0.641313","0","0.00906764","0.0362422","0",
"0","0.4","4","-0.641313","0","0.00906764","0.0362422","0",
"0","0","4","-0.641313","1","0.00384616","0.00984828","0.929483",
"0","0.1","4","-0.641313","1","0.00384616","0.00984828","0.929483",
"0","0.2","4","-0.641313","1","0.00384616","0.00984828","0.929483",
"0","0.3","4","-0.641313","1","0.00384616","0.00984828","0.929483",
"0","0.4","4","-0.641313","1","0.00384616","0.00984828","0.929483",
"0","0","5","-1.64759","0","0.00358168","0.0316976","0",
"0","0.1","5","-1.64759","0","0.00358168","0.0316976","0",
"0","0.2","5","-1.64759","0","0.00358168","0.0316976","0",
"0","0.3","5","-1.64759","0","0.00358168","0.0316976","0",
"0","0.4","5","-1.64759","0","0.00358168","0.0316976","0",
"0","0","5","-1.64759","1","0.00516812","0.00984828","0.862187",
"0","0.1","5","-1.64759","1","0.00516812","0.00984828","0.862187",
"0","0.2","5","-1.64759","1","0.00516812","0.00984828","0.862187",
"0","0.3","5","-1.64759","1","0.00516812","0.00984828","0.862187",
"0","0.4","5","-1.64759","1","0.00516812","0.00984828","0.862187",
"0","0","6","2.05905","0","0.00143335","0.00984828","0",
"0","0.1","6","2.05905","0","0.00143335","0.00984828","0",
"0","0.2","6","2.05905","0","0.00143335","0.00984828","0",
"0","0.3","6","2.05905","0","0.00143335","0.00984828","0",
"0","0.4","6","2.05905","0","0.00143335","0.00984828","0",
"0","0","6","2.05905","1","0.011195","0.00984828","2.84445",
"0","0.1","6","2.05905","1","0.011195","0.00984828","2.84445",
"0","0.2","6","2.05905","1","0.011195","0.00984828","2.84445",
"0","0.3","6","2.05905","1","0.011195","0.00984828","2.84445",
"0","0.4","6","2.05905","1","0.011195","0.00984828","2.84445",
"0","0","7","0.379628","0","0.0113333","0.0362422","0",
"0","0.1","7","0.379628","0","0.0113333","0.0362422","0",
"0","0.2","7","0.379628","0","0.0113333","0.0362422","0",
"0","0.3","7","0.379628","0","0.0113333","0.0362422","0",
"0","0.4","7","0.379628","0","0.0113333","0.0362422","0",
"0","0","7","0.379628","1","0.0112133","0.00984828","1.16503",
"0","0.1","7","0.379628","1","0.0112133","0.00984828","1.16503",
"0","0.2","7","0.379628","1","0.0112133","0.00984828","1.16503",
"0","0.3","7","0.379628","1","0.0112133","0.00984828","1.16503",
"0","0.4","7","0.379628","1","0.0112133","0.00984828","1.16503",
"0","1","0","1.56961","0","0.00162327","0.0105223","3.1404",
"0","1.1","0","1.56961","0","0.00162327","0.0105223","3.1404",
"0","1.2","0","1.56961","0","0.00162327","0.0105223","3.1404",
"0","1.3","0","1.56961","0","0.00162327","0.0105223","3.1404",
"0","1.4","0","1.56961","0","0.00162327","0.0105223","3.1404",
"0","1","0","1.56961","1","0.00162327","0.0105223","3.1404",
"0","1.1","0","1.56961","1","0.00162327","0.0105223","3.1404",
"0","1.2","0","1.56961","1","0.00162327","0.0105223","3.1404",
"0","1.3","0","1.56961","1","0.00162327","0.0105223","3.1404",
"0","1.4","0","1.56961","1","0.00162327","0.0105223","3.1404",
"0","1","1","-1.27628","0","0.00317412","0.0105223","0.0002798",
"0","1.1","1","-1.27628","0","0.00317412","0.0105223","0.0002798",
"0","1.2","1","-1.27628","0","0.00317412","0.0105223","0.0002798",
"0","1.3","1","-1.27628","0","0.00317412","0.0105223","0.0002798",
"0","1.4","1","-1.27628","0","0.00317412","0.0105223","0.0002798",
"0","1","1","-1.27628","1","0.00317412","0.0105223","0.0002798",
"0","1.1","1","-1.27628","1","0.00317412","0.0105223","0.0002798",
"0","1.2","1","-1.27628","1","0.00317412","0.0105223","0.0002798",
"0","1.3","1","-1.27628","1","0.00317412","0.0105223","0.0002798",
"0","1.4","1","-1.27628","1","0.00317412","0.0105223","0.0002798",
"0","1","2","-0.808384","0","0.00535489","0.0105223","0.000767513",
"0","1.1","2","-0.808384","0","0.00535489","0.0105223","0.000767513",
"0","1.2","2","-0.808384","0","0.00535489","0.0105223","0.000767513",
"0","1.3","2","-0.808384","0","0.00535489","0.0105223","0.000767513",
"0","1.4","2","-0.808384","0","0.00535489","0.0105223","0.000767513",
"0","1","2","-0.808384","1","0.00535489","0.0105223","0.000767513",
"0","1.1","2","-0.808384","1","0.00535489","0.0105223","0.000767513",
"0","1.2","2","-0.808384","1","0.00535489","0.0105223","0.000767513",
"0","1.3","2","-0.808384","1","0.00535489","0.0105223","0.000767513",
"0","1.4","2","-0.808384","1","0.00535489","0.0105223","0.000767513",
"0","1","3","1.96446","0","0.00563692","0.0105223","4.713",
"0","1.1","3","1.96446","0","0.00563692","0.0105223","4.713",
"0","1.2","3","1.96446","0","0.00563692","0.0105223","4.713",
"0","1.3","3","1.96446","0","0.00563692","0.0105223","4.713",
"0","1.4","3","1.96446","0","0.00563692","0.0105223","4.713",
"0","1","3","1.96446","1","0.00563692","0.0105223","4.713",
"0","1.1","3","1.96446","1","0.00563692","0.0105223","4.713",
"0","1.2","3","1.96446","1","0.00563692","0.0105223","4.713",
"0","1.3","3","1.96446","1","0.00563692","0.0105223","4.713",
"0","1.4","3","1.96446","1","0.00563692","0.0105223","4.713",
"0","1","4","2.81687","0","0.00256409","0.00984828","4.70942",
"0","1.1","4","2.81687","0","0.00256409","0.00984828","4.70942",
"0","1.2","4","2.81687","0","0.00256409","0.00984828","4.70942",
"0","1.3","4","2.81687","0","0.00256409","0.00984828","4.70942",
"0","1.4","4","2.81687","0","0.00256409","0.00984828","4.70942",
"0","1","4","2.81687","1","0.00256409","0.00984828","4.70942",
"0","1.1","4","2.81687","1","0.00256409","0.00984828","4.70942",
"0","1.2","4","2.81687","1","0.00256409","0.00984828","4.70942",
"0","1.3","4","2.81687","1","0.00256409","0.00984828","4.70942",
"0","1.4","4","2.81687","1","0.00256409","0.00984828","4.70942",
"0","1","5","-0.791414","0","0.00264302","0.00984828","0.006016",
"0","1.1","5","-0.791414","0","0.00264302","0.00984828","0.006016",
"0","1.2","5","-0.791414","0","0.00264302","0.00984828","0.006016",
"0","1.3","5","-0.791414","0","0.00264302","0.00984828","0.006016",
"0","1.4","5","-0.791414","0","0.00264302","0.00984828","0.006016",
"0","1","5","-0.791414","1","0.00264302","0.00984828","0.006016",
"0","1.1","5","-0.791414","1","0.00264302","0.00984828","0.006016",
"0","1.2","5","-0.791414","1","0.00264302","0.00984828","0.006016",
"0","1.3","5","-0.791414","1","0.00264302","0.00984828","0.006016",
"0","1.4","5","-0.791414","1","0.00264302","0.00984828","0.006016",
"0","1","6","-2.85512","0","0.00608128","0.00984828","1.57038",
"0","1.1","6","-2.85512","0","0.00608128","0.00984828","1.57038",
"0","1.2","6","-2.85512","0","0.00608128","0.00984828","1.57038",
"0","1.3","6","-2.85512","0","0.00608128","0.00984828","1.57038",
"0","1.4","6","-2.85512","0","0.00608128","0.00984828","1.57038",
"0","1","6","-2.85512","1","0.00608128","0.00984828","1.57038",
"0","1.1","6","-2.85512","1","0.00608128","0.00984828","1.57038",
"0","1.2","6","-2.85512","1","0.00608128","0.00984828","1.57038",
"0","1.3","6","-2.85512","1","0.00608128","0.00984828","1.57038",
"0","1.4","6","-2.85512","1","0.00608128","0.00984828","1.57038",
"0","1","7","2.28901","0","0.00631335","0.00984828","4.71177",
"0","1.1","7","2.28901","0","0.00631335","0.00984828","4.71177",
"0","1.2","7","2.28901","0","0.00631335","0.00984828","4.71177",
"0","1.3","7","2.28901","0","0.00631335","0.00984828","4.71177",
"0","1.4","7","2.28901","0","0.00631335","0.00984828","4.71177",
"0","1","7","2.28901","1","0.00631335","0.00984828","4.71177",
"0","1.1","7","2.28901","1","0.00631335","0.00984828","4.71177",
"0","1.2","7","2.28901","1","0.00631335","0.00984828","4.71177",
"0","1.3","7","2.28901","1","0.00631335","0.00984828","4.71177",
"0","1.4","7","2.28901","1","0.00631335","0.00984828","4.71177",
"0","2","0","0.15049","0","0.00162327","0.0105223","1.72129",
"0","2.1","0","0.15049","0","0.00162327","0.0105223","1.72129",
"0","2.2","0","0.15049","0","0.00162327","0.0105223","1.72129",
"0","2.3","0","0.15049","0","0.00162327","0.0105223","1.72129",
"0","2.4","0","0.15049","0","0.00162327","0.0105223","1.72129",
"0","2","0","0.15049","1","0.00146566","0.0368807","0",
"0","2.1","0","0.15049","1","0.00146566","0.0368807","0",
"0","2.2","0","0.15049","1","0.00146566","0.0368807","0",
"0","2.3","0","0.15049","1","0.00146566","0.0368807","0",
"0","2.4","0","0.15049","1","0.00146566","0.0368807","0",
"0","2","1","1.75578","0","0.00317412","0.0105223","3.32657",
"0","2.1","1","1.75578","0","0.00317412","0.0105223","3.32657",
"0","2.2","1","1.75578","0","0.00317412","0.0105223","3.32657",
"0","2.3","1","1.75578","0","0.00317412","0.0105223","3.32657",
"0","2.4","1","1.75578","0","0.00317412","0.0105223","3.32657",
"0","2","1","1.75578","1","0.00327231","0.016955","0",
"0","2.1","1","1.75578","1","0.00327231","0.016955","0",
"0","2.2","1","1.75578","1","0.00327231","0.016955","0",
"0","2.3","1","1.75578","1","0.00327231","0.016955","0",
"0","2.4","1","1.75578","1","0.00327231","0.016955","0",
"0","2","2","0.886503","0","0.00535489","0.0105223","1.6719",
"0","2.1","2","0.886503","0","0.00535489","0.0105223","1.6719",
"0","2.2","2","0.886503","0","0.00535489","0.0105223","1.6719",
"0","2.3","2","0.886503","0","0.00535489","0.0105223","1.6719",
"0","2.4","2","0.886503","0","0.00535489","0.0105223","1.6719",
"0","2","2","0.886503","1","0.00604424","0.016955","0",
"0","2.1","2","0.886503","1","0.00604424","0.016955","0",
"0","2.2","2","0.886503","1","0.00604424","0.016955","0",
"0","2.3","2","0.886503","1","0.00604424","0.016955","0",
"0","2.4","2","0.886503","1","0.00604424","0.016955","0",
"0","2","3","2.95777","0","0.00600956","0.0105223","5.31396",
"0","2.1","3","2.95777","0","0.00600956","0.0105223","5.31396",
"0","2.2","3","2.95777","0","0.00600956","0.0105223","5.31396",
"0","2.3","3","2.95777","0","0.00600956","0.0105223","5.31396",
"0","2.4","3","2.95777","0","0.00600956","0.0105223","5.31396",
"0","2","3","2.95777","1","0.0027269","0.0368807","0",
"0","2.1","3","2.95777","1","0.0027269","0.0368807","0",
"0","2.2","3","2.95777","1","0.0027269","0.0368807","0",
"0","2.3","3","2.95777","1","0.0027269","0.0368807","0",
"0","2.4","3","2.95777","1","0.0027269","0.0368807","0",
"0","2","4","-0.962928","0","0.00256409","0.00984828","0.607868",
"0","2.1","4","-0.962928","0","0.00256409","0.00984828","0.607868",
"0","2.2","4","-0.962928","0","0.00256409","0.00984828","0.607868",
"0","2.3","4","-0.962928","0","0.00256409","0.00984828","0.607868",
"0","2.4","4","-0.962928","0","0.00256409","0.00984828","0.607868",
"0","2","4","-0.962928","1","0.002904","0.0184178","0",
"0","2.1","4","-0.962928","1","0.002904","0.0184178","0",
"0","2.2","4","-0.962928","1","0.002904","0.0184178","0",
"0","2.3","4","-0.962928","1","0.002904","0.0184178","0",
"0","2.4","4","-0.962928","1","0.002904","0.0184178","0",
"0","2","5","-3.13115","0","0.00384616","0.00984828","1.56035",
"0","2.1","5","-3.13115","0","0.00384616","0.00984828","1.56035",
"0","2.2","5","-3.13115","0","0.00384616","0.00984828","1.56035",
"0","2.3","5","-3.13115","0","0.00384616","0.00984828","1.56035",
"0","2.4","5","-3.13115","0","0.00384616","0.00984828","1.56035",
"0","2","5","-3.13115","1","0.00282842","0.0362422","0",
"0","2.1","5","-3.13115","1","0.00282842","0.0362422","0",
"0","2.2","5","-3.13115","1","0.00282842","0.0362422","0",
"0","2.3","5","-3.13115","1","0.00282842","0.0362422","0",
"0","2.4","5","-3.13115","1","0.00282842","0.0362422","0",
"0","2","6","2.92459","0","0.00690403","0.00984828","3.5126",
"0","2.1","6","2.92459","0","0.00690403","0.00984828","3.5126",
"0","2.2","6","2.92459","0","0.00690403","0.00984828","3.5126",
"0","2.3","6","2.92459","0","0.00690403","0.00984828","3.5126",
"0","2.4","6","2.92459","0","0.00690403","0.00984828","3.5126",
"0","2","6","2.92459","1","0.00188561","0.0362422","0",
"0","2.1","6","2.92459","1","0.00188561","0.0362422","0",
"0","2.2","6","2.92459","1","0.00188561","0.0362422","0",
"0","2.3","6","2.92459","1","0.00188561","0.0362422","0",
"0","2.4","6","2.92459","1","0.00188561","0.0362422","0",
"0","2","7","2.42094","0","0.00747555","0.00984828","4.91904",
"0","2.1","7","2.42094","0","0.00747555","0.00984828","4.91904",
"0","2.2","7","2.42094","0","0.00747555","0.00984828","4.91904",
"0","2.3","7","2.42094","0","0.00747555","0.00984828","4.91904",
"0","2.4","7","2.42094","0","0.00747555","0.00984828","4.91904",
"0","2","7","2.42094","1","0.00680019","0.0227865","0",
"0","2.1","7","2.42094","1","0.00680019","0.0227865","0",
"0","2.2","7","2.42094","1","0.00680019","0.0227865","0",
"0","2.3","7","2.42094","1","0.00680019","0.0227865","0",
"0","2.4","7","2.42094","1","0.00680019","0.0227865","0",
